-- phpMyAdmin SQL Dump
-- version 3.4.10.1deb1
-- http://www.phpmyadmin.net
--
-- Host: localhost
-- Generation Time: Jun 17, 2013 at 01:58 AM
-- Server version: 5.5.29
-- PHP Version: 5.4.12-2~precise+1

SET SQL_MODE="NO_AUTO_VALUE_ON_ZERO";
SET time_zone = "+00:00";


/*!40101 SET @OLD_CHARACTER_SET_CLIENT=@@CHARACTER_SET_CLIENT */;
/*!40101 SET @OLD_CHARACTER_SET_RESULTS=@@CHARACTER_SET_RESULTS */;
/*!40101 SET @OLD_COLLATION_CONNECTION=@@COLLATION_CONNECTION */;
/*!40101 SET NAMES utf8 */;

--
-- Database: `ctf`
--

-- --------------------------------------------------------

--
-- Table structure for table `announce`
--

CREATE TABLE IF NOT EXISTS `announce` (
  `id` bigint(20) NOT NULL AUTO_INCREMENT,
  `announce` text COLLATE utf8_unicode_ci NOT NULL,
  `updated_tstamp` timestamp NOT NULL DEFAULT CURRENT_TIMESTAMP ON UPDATE CURRENT_TIMESTAMP,
  PRIMARY KEY (`id`)
) ENGINE=InnoDB  DEFAULT CHARSET=utf8 COLLATE=utf8_unicode_ci AUTO_INCREMENT=13 ;

-- --------------------------------------------------------

--
-- Table structure for table `auth_users`
--

CREATE TABLE IF NOT EXISTS `auth_users` (
  `id` bigint(20) NOT NULL AUTO_INCREMENT,
  `username` varchar(255) COLLATE utf8_unicode_ci NOT NULL,
  `username_canonical` varchar(255) COLLATE utf8_unicode_ci NOT NULL,
  `email` varchar(255) COLLATE utf8_unicode_ci NOT NULL,
  `email_canonical` varchar(255) COLLATE utf8_unicode_ci NOT NULL,
  `enabled` tinyint(1) NOT NULL,
  `salt` varchar(32) COLLATE utf8_unicode_ci NOT NULL,
  `password` varchar(255) COLLATE utf8_unicode_ci NOT NULL,
  `last_login` datetime DEFAULT NULL,
  `locked` tinyint(1) NOT NULL,
  `expired` tinyint(1) NOT NULL,
  `expires_at` datetime DEFAULT NULL,
  `confirmation_token` varchar(255) COLLATE utf8_unicode_ci DEFAULT NULL,
  `password_requested_at` datetime DEFAULT NULL,
  `roles` longtext COLLATE utf8_unicode_ci NOT NULL COMMENT '(DC2Type:array)',
  `credentials_expired` tinyint(1) NOT NULL,
  `credentials_expire_at` datetime DEFAULT NULL,
  `google_id` varchar(50) COLLATE utf8_unicode_ci DEFAULT NULL,
  `google_access_token` varchar(255) COLLATE utf8_unicode_ci DEFAULT NULL,
  `facebook_id` varchar(50) COLLATE utf8_unicode_ci DEFAULT NULL,
  `facebook_access_token` varchar(255) COLLATE utf8_unicode_ci DEFAULT NULL,
  `twitter_id` varchar(50) COLLATE utf8_unicode_ci DEFAULT NULL,
  `twitter_access_token` varchar(255) COLLATE utf8_unicode_ci DEFAULT NULL,
  `org_id` bigint(20) DEFAULT NULL,
  `fname` varchar(50) COLLATE utf8_unicode_ci DEFAULT NULL,
  `lname` varchar(50) COLLATE utf8_unicode_ci DEFAULT NULL,
  `dp` text COLLATE utf8_unicode_ci,
  `dob` date DEFAULT NULL,
  `about_me` longtext COLLATE utf8_unicode_ci,
  `gender` enum('Male','Female') COLLATE utf8_unicode_ci DEFAULT NULL,
  `phone` varchar(30) COLLATE utf8_unicode_ci DEFAULT NULL,
  `country_id` int(6) DEFAULT NULL,
  `state_id` int(11) DEFAULT NULL,
  `city` varchar(30) COLLATE utf8_unicode_ci DEFAULT NULL,
  `website` longtext COLLATE utf8_unicode_ci,
  `location` point DEFAULT NULL COMMENT '(DC2Type:point)',
  `login_mode` enum('facebook','google','twitter','manual') COLLATE utf8_unicode_ci NOT NULL DEFAULT 'manual',
  PRIMARY KEY (`id`),
  UNIQUE KEY `UNIQ_D8A1F49C92FC23A8` (`username_canonical`),
  UNIQUE KEY `UNIQ_D8A1F49CA0D96FBF` (`email_canonical`),
  KEY `org` (`org_id`),
  KEY `state_id` (`state_id`),
  KEY `country_id` (`country_id`)
) ENGINE=InnoDB  DEFAULT CHARSET=utf8 COLLATE=utf8_unicode_ci AUTO_INCREMENT=30 ;

-- --------------------------------------------------------

--
-- Table structure for table `countries`
--

CREATE TABLE IF NOT EXISTS `countries` (
  `country_id` int(6) NOT NULL,
  `name` varchar(60) COLLATE utf8_unicode_ci NOT NULL,
  `iso_code_2` text COLLATE utf8_unicode_ci,
  `iso_code_3` text COLLATE utf8_unicode_ci,
  `post_code_required` tinyint(1) NOT NULL DEFAULT '0',
  PRIMARY KEY (`country_id`),
  UNIQUE KEY `name` (`name`)
) ENGINE=InnoDB DEFAULT CHARSET=utf8 COLLATE=utf8_unicode_ci;

--
-- Dumping data for table `countries`
--

INSERT INTO `countries` (`country_id`, `name`, `iso_code_2`, `iso_code_3`, `post_code_required`) VALUES
(1, 'Afghanistan', 'AF', 'AFG', 1),
(2, 'Albania', 'AL', 'ALB', 0),
(3, 'Algeria', 'DZ', 'DZA', 1),
(4, 'American Samoa', 'AS', 'ASM', 0),
(5, 'Andorra', 'AD', 'AND', 0),
(6, 'Angola', 'AO', 'AGO', 0),
(7, 'Anguilla', 'AI', 'AIA', 0),
(8, 'Antarctica', 'AQ', 'ATA', 1),
(9, 'Antigua and Barbuda', 'AG', 'ATG', 0),
(10, 'Argentina', 'AR', 'ARG', 1),
(11, 'Armenia', 'AM', 'ARM', 1),
(12, 'Aruba', 'AW', 'ABW', 0),
(13, 'Australia', 'AU', 'AUS', 1),
(14, 'Austria', 'AT', 'AUT', 1),
(15, 'Azerbaijan', 'AZ', 'AZE', 1),
(16, 'Bahamas', 'BS', 'BHS', 0),
(17, 'Bahrain', 'BH', 'BHR', 0),
(18, 'Bangladesh', 'BD', 'BGD', 1),
(19, 'Barbados', 'BB', 'BRB', 0),
(20, 'Belarus', 'BY', 'BLR', 1),
(21, 'Belgium', 'BE', 'BEL', 1),
(22, 'Belize', 'BZ', 'BLZ', 0),
(23, 'Benin', 'BJ', 'BEN', 0),
(24, 'Bermuda', 'BM', 'BMU', 0),
(25, 'Bhutan', 'BT', 'BTN', 0),
(26, 'Bolivia', 'BO', 'BOL', 0),
(27, 'Bosnia and Herzegowina', 'BA', 'BIH', 1),
(28, 'Botswana', 'BW', 'BWA', 0),
(29, 'Bouvet Island', 'BV', 'BVT', 1),
(30, 'Brazil', 'BR', 'BRA', 1),
(31, 'British Indian Ocean Territory', 'IO', 'IOT', 1),
(32, 'Brunei Darussalam', 'BN', 'BRN', 0),
(33, 'Bulgaria', 'BG', 'BGR', 1),
(34, 'Burkina Faso', 'BF', 'BFA', 0),
(35, 'Burundi', 'BI', 'BDI', 0),
(36, 'Cambodia', 'KH', 'KHM', 0),
(37, 'Cameroon', 'CM', 'CMR', 0),
(38, 'Canada', 'CA', 'CAN', 1),
(39, 'Cape Verde', 'CV', 'CPV', 0),
(40, 'Cayman Islands', 'KY', 'CYM', 0),
(41, 'Central African Republic', 'CF', 'CAF', 0),
(42, 'Chad', 'TD', 'TCD', 0),
(43, 'Chile', 'CL', 'CHL', 0),
(44, 'China', 'CN', 'CHN', 1),
(45, 'Christmas Island', 'CX', 'CXR', 1),
(46, 'Cocos (Keeling) Islands', 'CC', 'CCK', 1),
(47, 'Colombia', 'CO', 'COL', 0),
(48, 'Comoros', 'KM', 'COM', 1),
(49, 'Congo', 'CG', 'COG', 0),
(50, 'Cook Islands', 'CK', 'COK', 0),
(51, 'Costa Rica', 'CR', 'CRI', 0),
(52, 'Cote D''Ivoire', 'CI', 'CIV', 1),
(53, 'Croatia', 'HR', 'HRV', 1),
(54, 'Cuba', 'CU', 'CUB', 1),
(55, 'Cyprus', 'CY', 'CYP', 1),
(56, 'Czech Republic', 'CZ', 'CZE', 1),
(57, 'Denmark', 'DK', 'DNK', 1),
(58, 'Djibouti', 'DJ', 'DJI', 0),
(59, 'Dominica', 'DM', 'DMA', 0),
(60, 'Dominican Republic', 'DO', 'DOM', 0),
(61, 'East Timor', 'TP', 'TMP', 1),
(62, 'Ecuador', 'EC', 'ECU', 0),
(63, 'Egypt', 'EG', 'EGY', 0),
(64, 'El Salvador', 'SV', 'SLV', 0),
(65, 'Equatorial Guinea', 'GQ', 'GNQ', 0),
(66, 'Eritrea', 'ER', 'ERI', 0),
(67, 'Estonia', 'EE', 'EST', 1),
(68, 'Ethiopia', 'ET', 'ETH', 0),
(69, 'Falkland Islands (Malvinas)', 'FK', 'FLK', 1),
(70, 'Faroe Islands', 'FO', 'FRO', 1),
(71, 'Fiji', 'FJ', 'FJI', 0),
(72, 'Finland', 'FI', 'FIN', 1),
(73, 'France', 'FR', 'FRA', 1),
(74, 'France, Metropolitan', 'FX', 'FXX', 1),
(75, 'French Guiana', 'GF', 'GUF', 0),
(76, 'French Polynesia', 'PF', 'PYF', 0),
(77, 'French Southern Territories', 'TF', 'ATF', 1),
(78, 'Gabon', 'GA', 'GAB', 0),
(79, 'Gambia', 'GM', 'GMB', 0),
(80, 'Georgia', 'GE', 'GEO', 1),
(81, 'Germany', 'DE', 'DEU', 1),
(82, 'Ghana', 'GH', 'GHA', 0),
(83, 'Gibraltar', 'GI', 'GIB', 0),
(84, 'Greece', 'GR', 'GRC', 1),
(85, 'Greenland', 'GL', 'GRL', 1),
(86, 'Grenada', 'GD', 'GRD', 0),
(87, 'Guadeloupe', 'GP', 'GLP', 0),
(88, 'Guam', 'GU', 'GUM', 0),
(89, 'Guatemala', 'GT', 'GTM', 0),
(90, 'Guinea', 'GN', 'GIN', 0),
(91, 'Guinea-bissau', 'GW', 'GNB', 0),
(92, 'Guyana', 'GY', 'GUY', 0),
(93, 'Haiti', 'HT', 'HTI', 0),
(94, 'Heard and Mc Donald Islands', 'HM', 'HMD', 1),
(95, 'Honduras', 'HN', 'HND', 0),
(96, 'Hong Kong', 'HK', 'HKG', 0),
(97, 'Hungary', 'HU', 'HUN', 1),
(98, 'Iceland', 'IS', 'ISL', 1),
(99, 'India', 'IN', 'IND', 1),
(100, 'Indonesia', 'ID', 'IDN', 1),
(101, 'Iran (Islamic Republic of)', 'IR', 'IRN', 1),
(102, 'Iraq', 'IQ', 'IRQ', 0),
(103, 'Ireland', 'IE', 'IRL', 0),
(104, 'Israel', 'IL', 'ISR', 1),
(105, 'Italy', 'IT', 'ITA', 1),
(106, 'Jamaica', 'JM', 'JAM', 0),
(107, 'Japan', 'JP', 'JPN', 1),
(108, 'Jordan', 'JO', 'JOR', 0),
(109, 'Kazakhstan', 'KZ', 'KAZ', 1),
(110, 'Kenya', 'KE', 'KEN', 0),
(111, 'Kiribati', 'KI', 'KIR', 0),
(112, 'North Korea', 'KP', 'PRK', 1),
(113, 'Korea, Republic of', 'KR', 'KOR', 1),
(114, 'Kuwait', 'KW', 'KWT', 0),
(115, 'Kyrgyzstan', 'KG', 'KGZ', 1),
(116, 'Lao People''s Democratic Republic', 'LA', 'LAO', 0),
(117, 'Latvia', 'LV', 'LVA', 1),
(118, 'Lebanon', 'LB', 'LBN', 0),
(119, 'Lesotho', 'LS', 'LSO', 0),
(120, 'Liberia', 'LR', 'LBR', 0),
(121, 'Libyan Arab Jamahiriya', 'LY', 'LBY', 1),
(122, 'Liechtenstein', 'LI', 'LIE', 1),
(123, 'Lithuania', 'LT', 'LTU', 1),
(124, 'Luxembourg', 'LU', 'LUX', 1),
(125, 'Macau', 'MO', 'MAC', 0),
(126, 'Macedonia', 'MK', 'MKD', 1),
(127, 'Madagascar', 'MG', 'MDG', 0),
(128, 'Malawi', 'MW', 'MWI', 1),
(129, 'Malaysia', 'MY', 'MYS', 1),
(130, 'Maldives', 'MV', 'MDV', 0),
(131, 'Mali', 'ML', 'MLI', 0),
(132, 'Malta', 'MT', 'MLT', 0),
(133, 'Marshall Islands', 'MH', 'MHL', 1),
(134, 'Martinique', 'MQ', 'MTQ', 1),
(135, 'Mauritania', 'MR', 'MRT', 0),
(136, 'Mauritius', 'MU', 'MUS', 0),
(137, 'Mayotte', 'YT', 'MYT', 1),
(138, 'Mexico', 'MX', 'MEX', 1),
(139, 'Micronesia, Federated States of', 'FM', 'FSM', 1),
(140, 'Moldova, Republic of', 'MD', 'MDA', 1),
(141, 'Monaco', 'MC', 'MCO', 1),
(142, 'Mongolia', 'MN', 'MNG', 1),
(143, 'Montserrat', 'MS', 'MSR', 0),
(144, 'Morocco', 'MA', 'MAR', 0),
(145, 'Mozambique', 'MZ', 'MOZ', 0),
(146, 'Myanmar', 'MM', 'MMR', 1),
(147, 'Namibia', 'NA', 'NAM', 0),
(148, 'Nauru', 'NR', 'NRU', 1),
(149, 'Nepal', 'NP', 'NPL', 0),
(150, 'Netherlands', 'NL', 'NLD', 1),
(151, 'Netherlands Antilles', 'AN', 'ANT', 0),
(152, 'New Caledonia', 'NC', 'NCL', 0),
(153, 'New Zealand', 'NZ', 'NZL', 1),
(154, 'Nicaragua', 'NI', 'NIC', 0),
(155, 'Niger', 'NE', 'NER', 0),
(156, 'Nigeria', 'NG', 'NGA', 0),
(157, 'Niue', 'NU', 'NIU', 1),
(158, 'Norfolk Island', 'NF', 'NFK', 0),
(159, 'Northern Mariana Islands', 'MP', 'MNP', 0),
(160, 'Norway', 'NO', 'NOR', 1),
(161, 'Oman', 'OM', 'OMN', 0),
(162, 'Pakistan', 'PK', 'PAK', 1),
(163, 'Palau', 'PW', 'PLW', 1),
(164, 'Panama', 'PA', 'PAN', 0),
(165, 'Papua New Guinea', 'PG', 'PNG', 0),
(166, 'Paraguay', 'PY', 'PRY', 0),
(167, 'Peru', 'PE', 'PER', 0),
(168, 'Philippines', 'PH', 'PHL', 1),
(169, 'Pitcairn', 'PN', 'PCN', 1),
(170, 'Poland', 'PL', 'POL', 1),
(171, 'Portugal', 'PT', 'PRT', 1),
(172, 'Puerto Rico', 'PR', 'PRI', 1),
(173, 'Qatar', 'QA', 'QAT', 0),
(174, 'Reunion', 'RE', 'REU', 1),
(175, 'Romania', 'RO', 'ROM', 1),
(176, 'Russian Federation', 'RU', 'RUS', 1),
(177, 'Rwanda', 'RW', 'RWA', 0),
(178, 'Saint Kitts and Nevis', 'KN', 'KNA', 1),
(179, 'Saint Lucia', 'LC', 'LCA', 1),
(180, 'Saint Vincent and the Grenadines', 'VC', 'VCT', 1),
(181, 'Samoa', 'WS', 'WSM', 1),
(182, 'San Marino', 'SM', 'SMR', 1),
(183, 'Sao Tome and Principe', 'ST', 'STP', 1),
(184, 'Saudi Arabia', 'SA', 'SAU', 1),
(185, 'Senegal', 'SN', 'SEN', 0),
(186, 'Seychelles', 'SC', 'SYC', 0),
(187, 'Sierra Leone', 'SL', 'SLE', 0),
(188, 'Singapore', 'SG', 'SGP', 1),
(189, 'Slovak Republic', 'SK', 'SVK', 1),
(190, 'Slovenia', 'SI', 'SVN', 1),
(191, 'Solomon Islands', 'SB', 'SLB', 0),
(192, 'Somalia', 'SO', 'SOM', 1),
(193, 'South Africa', 'ZA', 'ZAF', 1),
(194, 'South Georgia &amp; South Sandwich Islands', 'GS', 'SGS', 1),
(195, 'Spain', 'ES', 'ESP', 1),
(196, 'Sri Lanka', 'LK', 'LKA', 1),
(197, 'St. Helena', 'SH', 'SHN', 1),
(198, 'St. Pierre and Miquelon', 'PM', 'SPM', 1),
(199, 'Sudan', 'SD', 'SDN', 1),
(200, 'Suriname', 'SR', 'SUR', 0),
(201, 'Svalbard and Jan Mayen Islands', 'SJ', 'SJM', 1),
(202, 'Swaziland', 'SZ', 'SWZ', 0),
(203, 'Sweden', 'SE', 'SWE', 1),
(204, 'Switzerland', 'CH', 'CHE', 1),
(205, 'Syrian Arab Republic', 'SY', 'SYR', 0),
(206, 'Taiwan', 'TW', 'TWN', 1),
(207, 'Tajikistan', 'TJ', 'TJK', 1),
(208, 'Tanzania, United Republic of', 'TZ', 'TZA', 0),
(209, 'Thailand', 'TH', 'THA', 1),
(210, 'Togo', 'TG', 'TGO', 0),
(211, 'Tokelau', 'TK', 'TKL', 1),
(212, 'Tonga', 'TO', 'TON', 0),
(213, 'Trinidad and Tobago', 'TT', 'TTO', 0),
(214, 'Tunisia', 'TN', 'TUN', 0),
(215, 'Turkey', 'TR', 'TUR', 1),
(216, 'Turkmenistan', 'TM', 'TKM', 1),
(217, 'Turks and Caicos Islands', 'TC', 'TCA', 0),
(218, 'Tuvalu', 'TV', 'TUV', 0),
(219, 'Uganda', 'UG', 'UGA', 0),
(220, 'Ukraine', 'UA', 'UKR', 1),
(221, 'United Arab Emirates', 'AE', 'ARE', 0),
(222, 'United Kingdom', 'GB', 'GBR', 1),
(223, 'United States', 'US', 'USA', 1),
(224, 'United States Minor Outlying Islands', 'UM', 'UMI', 1),
(225, 'Uruguay', 'UY', 'URY', 1),
(226, 'Uzbekistan', 'UZ', 'UZB', 1),
(227, 'Vanuatu', 'VU', 'VUT', 0),
(228, 'Vatican City State (Holy See)', 'VA', 'VAT', 1),
(229, 'Venezuela', 'VE', 'VEN', 0),
(230, 'Viet Nam', 'VN', 'VNM', 1),
(231, 'Virgin Islands (British)', 'VG', 'VGB', 0),
(232, 'Virgin Islands (U.S.)', 'VI', 'VIR', 1),
(233, 'Wallis and Futuna Islands', 'WF', 'WLF', 0),
(234, 'Western Sahara', 'EH', 'ESH', 1),
(235, 'Yemen', 'YE', 'YEM', 0),
(236, 'Yugoslavia', 'YU', 'YUG', 1),
(237, 'Democratic Republic of Congo', 'CD', 'COD', 1),
(238, 'Zambia', 'ZM', 'ZMB', 0),
(239, 'Zimbabwe', 'ZW', 'ZWE', 0),
(240, 'Channel Islands', 'CI', 'CHI', 0),
(241, 'Serbia (Republic of)', 'RS', 'SRB', 0),
(242, 'Montenegro (Republic of)', 'ME', 'MNE', 0);

-- --------------------------------------------------------

--
-- Table structure for table `global_state`
--

CREATE TABLE IF NOT EXISTS `global_state` (
  `id` int(11) NOT NULL AUTO_INCREMENT,
  `enable_ctf` tinyint(1) NOT NULL DEFAULT '1',
  `enable_chat` tinyint(1) NOT NULL DEFAULT '1',
  PRIMARY KEY (`id`)
) ENGINE=InnoDB  DEFAULT CHARSET=utf8 COLLATE=utf8_unicode_ci AUTO_INCREMENT=2 ;

--
-- Dumping data for table `global_state`
--

INSERT INTO `global_state` (`id`, `enable_ctf`, `enable_chat`) VALUES
(1, 1, 1);

-- --------------------------------------------------------

--
-- Table structure for table `organization`
--

CREATE TABLE IF NOT EXISTS `organization` (
  `id` bigint(20) NOT NULL AUTO_INCREMENT,
  `name` text COLLATE utf8_unicode_ci NOT NULL,
  PRIMARY KEY (`id`)
) ENGINE=InnoDB  DEFAULT CHARSET=utf8 COLLATE=utf8_unicode_ci AUTO_INCREMENT=5 ;

-- --------------------------------------------------------

--
-- Table structure for table `questions`
--

CREATE TABLE IF NOT EXISTS `questions` (
  `id` bigint(20) NOT NULL AUTO_INCREMENT,
  `level` mediumint(6) NOT NULL,
  `title` text COLLATE utf8_unicode_ci NOT NULL,
  `content` text COLLATE utf8_unicode_ci NOT NULL,
  `answer_tpl` text COLLATE utf8_unicode_ci NOT NULL,
  `hints` text COLLATE utf8_unicode_ci NOT NULL,
  PRIMARY KEY (`id`)
) ENGINE=InnoDB  DEFAULT CHARSET=utf8 COLLATE=utf8_unicode_ci AUTO_INCREMENT=15 ;

--
-- Dumping data for table `questions`
--

INSERT INTO `questions` (`id`, `level`, `title`, `content`, `answer_tpl`, `hints`) VALUES
(9, 1, 'First Question. Ever.', '<p><strong>BLAH</strong></p>', 'Answer#1', '<p><em>OKAY</em></p>'),
(11, 2, 'Another question, slightly tougher', '<h1>Question 2</h1>\r\n<p><em><strong>Whoa! Okay then.</strong></em></p>\r\n<p>This is the second question.</p>', 'Answer#2', '<p>BLAHHABAHBAJANKJAN</p>'),
(12, 3, 'OKay, another level!', '<p>YAYAYAYYAYAYAYAYA</p>', 'Answer#3', '<p>NO HINTS FOR THIS!</p>\r\n<p><strong>:P</strong></p>');

-- --------------------------------------------------------

--
-- Table structure for table `ref_invites`
--

CREATE TABLE IF NOT EXISTS `ref_invites` (
  `referrer_id` bigint(20) NOT NULL,
  `invitee_id` bigint(20) NOT NULL,
  PRIMARY KEY (`referrer_id`,`invitee_id`),
  KEY `invitee_id` (`invitee_id`)
) ENGINE=InnoDB DEFAULT CHARSET=utf8 COLLATE=utf8_unicode_ci;

-- --------------------------------------------------------

--
-- Table structure for table `stages`
--

CREATE TABLE IF NOT EXISTS `stages` (
  `id` bigint(20) NOT NULL AUTO_INCREMENT,
  `name` text COLLATE utf8_unicode_ci NOT NULL,
  `description` text COLLATE utf8_unicode_ci NOT NULL,
  PRIMARY KEY (`id`)
) ENGINE=InnoDB  DEFAULT CHARSET=utf8 COLLATE=utf8_unicode_ci AUTO_INCREMENT=5 ;

--
-- Dumping data for table `stages`
--

INSERT INTO `stages` (`id`, `name`, `description`) VALUES
(1, 'Rookie Stage', 'This is the official Rookie stage!!'),
(2, 'Not-So-Rookie Stage', 'This is the NOT-SO-ROOKIE-STAGE!!!'),
(3, 'Another stage', 'Yet Another Stage!'),
(4, 'Pre-final stage', 'THIs is a new stage :P');

-- --------------------------------------------------------

--
-- Table structure for table `stages_levels`
--

CREATE TABLE IF NOT EXISTS `stages_levels` (
  `stage_id` bigint(20) NOT NULL,
  `question_id` bigint(20) NOT NULL,
  PRIMARY KEY (`stage_id`,`question_id`),
  UNIQUE KEY `question_id` (`question_id`)
) ENGINE=InnoDB DEFAULT CHARSET=utf8 COLLATE=utf8_unicode_ci;

--
-- Dumping data for table `stages_levels`
--

INSERT INTO `stages_levels` (`stage_id`, `question_id`) VALUES
(1, 9),
(1, 11),
(1, 12);

-- --------------------------------------------------------

--
-- Table structure for table `team`
--

CREATE TABLE IF NOT EXISTS `team` (
  `id` bigint(20) NOT NULL AUTO_INCREMENT,
  `name` varchar(30) COLLATE utf8_unicode_ci NOT NULL,
  `status` text COLLATE utf8_unicode_ci,
  `score` int(11) NOT NULL,
  `team_pic` text COLLATE utf8_unicode_ci,
  PRIMARY KEY (`id`),
  UNIQUE KEY `team_name_uk` (`name`)
) ENGINE=InnoDB  DEFAULT CHARSET=utf8 COLLATE=utf8_unicode_ci AUTO_INCREMENT=11 ;

-- --------------------------------------------------------

--
-- Table structure for table `team_member_request`
--

CREATE TABLE IF NOT EXISTS `team_member_request` (
  `id` bigint(20) NOT NULL AUTO_INCREMENT,
  `user_id` bigint(20) NOT NULL,
  `status` enum('requested','accepted','rejected','acceptedAndAdmin') COLLATE utf8_unicode_ci NOT NULL,
  `message` text COLLATE utf8_unicode_ci,
  `updated_timestamp` timestamp NOT NULL DEFAULT CURRENT_TIMESTAMP ON UPDATE CURRENT_TIMESTAMP,
  `created_timestamp` timestamp NOT NULL DEFAULT '0000-00-00 00:00:00',
  PRIMARY KEY (`id`),
  KEY `user_id` (`user_id`)
) ENGINE=InnoDB  DEFAULT CHARSET=utf8 COLLATE=utf8_unicode_ci AUTO_INCREMENT=5 ;

-- --------------------------------------------------------

--
-- Table structure for table `team_requests`
--

CREATE TABLE IF NOT EXISTS `team_requests` (
  `team_id` bigint(20) NOT NULL,
  `request_id` bigint(20) NOT NULL,
  PRIMARY KEY (`team_id`,`request_id`),
  UNIQUE KEY `request_id` (`request_id`)
) ENGINE=InnoDB DEFAULT CHARSET=utf8 COLLATE=utf8_unicode_ci;

-- --------------------------------------------------------

--
-- Table structure for table `user_quest`
--

CREATE TABLE IF NOT EXISTS `user_quest` (
  `id` bigint(20) NOT NULL AUTO_INCREMENT,
  `user_id` bigint(20) NOT NULL,
  `quest_stage` bigint(20) NOT NULL,
  `quest_level` bigint(20) NOT NULL,
  `current_stage` bigint(20) NOT NULL,
  `current_level` bigint(20) NOT NULL,
  `score` int(11) NOT NULL DEFAULT '0',
  PRIMARY KEY (`id`),
  UNIQUE KEY `user_id` (`user_id`),
  KEY `qu_stage_fk_id` (`quest_stage`),
  KEY `cu_stage_fk_id` (`current_stage`),
  KEY `quest_level` (`quest_level`),
  KEY `current_level` (`current_level`)
) ENGINE=InnoDB  DEFAULT CHARSET=utf8 COLLATE=utf8_unicode_ci AUTO_INCREMENT=20 ;

-- --------------------------------------------------------

--
-- Table structure for table `user_quest_history`
--

CREATE TABLE IF NOT EXISTS `user_quest_history` (
  `quest_id` bigint(20) NOT NULL,
  `item_id` bigint(20) NOT NULL,
  PRIMARY KEY (`quest_id`,`item_id`),
  UNIQUE KEY `item_id` (`item_id`)
) ENGINE=InnoDB DEFAULT CHARSET=utf8 COLLATE=utf8_unicode_ci;

-- --------------------------------------------------------

--
-- Table structure for table `user_quest_history_item`
--

CREATE TABLE IF NOT EXISTS `user_quest_history_item` (
  `id` bigint(20) NOT NULL AUTO_INCREMENT,
  `question_id` bigint(20) NOT NULL,
  `status` enum('ATTEMPTING','CORRECT','WRONG') COLLATE utf8_unicode_ci NOT NULL DEFAULT 'ATTEMPTING',
  `used_hint` tinyint(1) NOT NULL DEFAULT '0',
  `attempted_timestamp` timestamp NOT NULL DEFAULT CURRENT_TIMESTAMP ON UPDATE CURRENT_TIMESTAMP,
  `first_attempt_timestamp` timestamp NOT NULL DEFAULT '0000-00-00 00:00:00',
  PRIMARY KEY (`id`),
  KEY `uqh_q_fk_id` (`question_id`)
) ENGINE=InnoDB  DEFAULT CHARSET=utf8 COLLATE=utf8_unicode_ci AUTO_INCREMENT=14 ;

-- --------------------------------------------------------

--
-- Table structure for table `zone`
--

CREATE TABLE IF NOT EXISTS `zone` (
  `zone_id` int(11) NOT NULL,
  `country_id` int(6) NOT NULL,
  `code` text COLLATE utf8_unicode_ci,
  `name` varchar(200) COLLATE utf8_unicode_ci DEFAULT NULL,
  PRIMARY KEY (`zone_id`),
  KEY `country_id` (`country_id`),
  KEY `name` (`name`)
) ENGINE=InnoDB DEFAULT CHARSET=utf8 COLLATE=utf8_unicode_ci;

--
-- Dumping data for table `zone`
--

INSERT INTO `zone` (`zone_id`, `country_id`, `code`, `name`) VALUES
(1, 1, 'BDS', 'Badakhshan'),
(2, 1, 'BDG', 'Badghis'),
(3, 1, 'BGL', 'Baghlan'),
(4, 1, 'BAL', 'Balkh'),
(5, 1, 'BAM', 'Bamian'),
(6, 1, 'FRA', 'Farah'),
(7, 1, 'FYB', 'Faryab'),
(8, 1, 'GHA', 'Ghazni'),
(9, 1, 'GHO', 'Ghowr'),
(10, 1, 'HEL', 'Helmand'),
(11, 1, 'HER', 'Herat'),
(12, 1, 'JOW', 'Jowzjan'),
(13, 1, 'KAB', 'Kabul'),
(14, 1, 'KAN', 'Kandahar'),
(15, 1, 'KAP', 'Kapisa'),
(16, 1, 'KHO', 'Khost'),
(17, 1, 'KNR', 'Konar'),
(18, 1, 'KDZ', 'Kondoz'),
(19, 1, 'LAG', 'Laghman'),
(20, 1, 'LOW', 'Lowgar'),
(21, 1, 'NAN', 'Nangrahar'),
(22, 1, 'NIM', 'Nimruz'),
(23, 1, 'NUR', 'Nurestan'),
(24, 1, 'ORU', 'Oruzgan'),
(25, 1, 'PIA', 'Paktia'),
(26, 1, 'PKA', 'Paktika'),
(27, 1, 'PAR', 'Parwan'),
(28, 1, 'SAM', 'Samangan'),
(29, 1, 'SAR', 'Sar-e Pol'),
(30, 1, 'TAK', 'Takhar'),
(31, 1, 'WAR', 'Wardak'),
(32, 1, 'ZAB', 'Zabol'),
(33, 2, 'BR', 'Berat'),
(34, 2, 'BU', 'Bulqize'),
(35, 2, 'DL', 'Delvine'),
(36, 2, 'DV', 'Devoll'),
(37, 2, 'DI', 'Diber'),
(38, 2, 'DR', 'Durres'),
(39, 2, 'EL', 'Elbasan'),
(40, 2, 'ER', 'Kolonje'),
(41, 2, 'FR', 'Fier'),
(42, 2, 'GJ', 'Gjirokaster'),
(43, 2, 'GR', 'Gramsh'),
(44, 2, 'HA', 'Has'),
(45, 2, 'KA', 'Kavaje'),
(46, 2, 'KB', 'Kurbin'),
(47, 2, 'KC', 'Kucove'),
(48, 2, 'KO', 'Korce'),
(49, 2, 'KR', 'Kruje'),
(50, 2, 'KU', 'Kukes'),
(51, 2, 'LB', 'Librazhd'),
(52, 2, 'LE', 'Lezhe'),
(53, 2, 'LU', 'Lushnje'),
(54, 2, 'MM', 'Malesi e Madhe'),
(55, 2, 'MK', 'Mallakaster'),
(56, 2, 'MT', 'Mat'),
(57, 2, 'MR', 'Mirdite'),
(58, 2, 'PQ', 'Peqin'),
(59, 2, 'PR', 'Permet'),
(60, 2, 'PG', 'Pogradec'),
(61, 2, 'PU', 'Puke'),
(62, 2, 'SH', 'Shkoder'),
(63, 2, 'SK', 'Skrapar'),
(64, 2, 'SR', 'Sarande'),
(65, 2, 'TE', 'Tepelene'),
(66, 2, 'TP', 'Tropoje'),
(67, 2, 'TR', 'Tirane'),
(68, 2, 'VL', 'Vlore'),
(69, 3, 'ADR', 'Adrar'),
(70, 3, 'ADE', 'Ain Defla'),
(71, 3, 'ATE', 'Ain Temouchent'),
(72, 3, 'ALG', 'Alger'),
(73, 3, 'ANN', 'Annaba'),
(74, 3, 'BAT', 'Batna'),
(75, 3, 'BEC', 'Bechar'),
(76, 3, 'BEJ', 'Bejaia'),
(77, 3, 'BIS', 'Biskra'),
(78, 3, 'BLI', 'Blida'),
(79, 3, 'BBA', 'Bordj Bou Arreridj'),
(80, 3, 'BOA', 'Bouira'),
(81, 3, 'BMD', 'Boumerdes'),
(82, 3, 'CHL', 'Chlef'),
(83, 3, 'CON', 'Constantine'),
(84, 3, 'DJE', 'Djelfa'),
(85, 3, 'EBA', 'El Bayadh'),
(86, 3, 'EOU', 'El Oued'),
(87, 3, 'ETA', 'El Tarf'),
(88, 3, 'GHA', 'Ghardaia'),
(89, 3, 'GUE', 'Guelma'),
(90, 3, 'ILL', 'Illizi'),
(91, 3, 'JIJ', 'Jijel'),
(92, 3, 'KHE', 'Khenchela'),
(93, 3, 'LAG', 'Laghouat'),
(94, 3, 'MUA', 'Muaskar'),
(95, 3, 'MED', 'Medea'),
(96, 3, 'MIL', 'Mila'),
(97, 3, 'MOS', 'Mostaganem'),
(98, 3, 'MSI', 'M''Sila'),
(99, 3, 'NAA', 'Naama'),
(100, 3, 'ORA', 'Oran'),
(101, 3, 'OUA', 'Ouargla'),
(102, 3, 'OEB', 'Oum el-Bouaghi'),
(103, 3, 'REL', 'Relizane'),
(104, 3, 'SAI', 'Saida'),
(105, 3, 'SET', 'Setif'),
(106, 3, 'SBA', 'Sidi Bel Abbes'),
(107, 3, 'SKI', 'Skikda'),
(108, 3, 'SAH', 'Souk Ahras'),
(109, 3, 'TAM', 'Tamanghasset'),
(110, 3, 'TEB', 'Tebessa'),
(111, 3, 'TIA', 'Tiaret'),
(112, 3, 'TIN', 'Tindouf'),
(113, 3, 'TIP', 'Tipaza'),
(114, 3, 'TIS', 'Tissemsilt'),
(115, 3, 'TOU', 'Tizi Ouzou'),
(116, 3, 'TLE', 'Tlemcen'),
(117, 4, 'E', 'Eastern'),
(118, 4, 'M', 'Manu''a'),
(119, 4, 'R', 'Rose Island'),
(120, 4, 'S', 'Swains Island'),
(121, 4, 'W', 'Western'),
(122, 5, 'ALV', 'Andorra la Vella'),
(123, 5, 'CAN', 'Canillo'),
(124, 5, 'ENC', 'Encamp'),
(125, 5, 'ESE', 'Escaldes-Engordany'),
(126, 5, 'LMA', 'La Massana'),
(127, 5, 'ORD', 'Ordino'),
(128, 5, 'SJL', 'Sant Julia de Loria'),
(129, 6, 'BGO', 'Bengo'),
(130, 6, 'BGU', 'Benguela'),
(131, 6, 'BIE', 'Bie'),
(132, 6, 'CAB', 'Cabinda'),
(133, 6, 'CCU', 'Cuando-Cubango'),
(134, 6, 'CNO', 'Cuanza Norte'),
(135, 6, 'CUS', 'Cuanza Sul'),
(136, 6, 'CNN', 'Cunene'),
(137, 6, 'HUA', 'Huambo'),
(138, 6, 'HUI', 'Huila'),
(139, 6, 'LUA', 'Luanda'),
(140, 6, 'LNO', 'Lunda Norte'),
(141, 6, 'LSU', 'Lunda Sul'),
(142, 6, 'MAL', 'Malange'),
(143, 6, 'MOX', 'Moxico'),
(144, 6, 'NAM', 'Namibe'),
(145, 6, 'UIG', 'Uige'),
(146, 6, 'ZAI', 'Zaire'),
(147, 9, 'ASG', 'Saint George'),
(148, 9, 'ASJ', 'Saint John'),
(149, 9, 'ASM', 'Saint Mary'),
(150, 9, 'ASL', 'Saint Paul'),
(151, 9, 'ASR', 'Saint Peter'),
(152, 9, 'ASH', 'Saint Philip'),
(153, 9, 'BAR', 'Barbuda'),
(154, 9, 'RED', 'Redonda'),
(155, 10, 'AN', 'Antartida e Islas del Atlantico'),
(156, 10, 'BA', 'Buenos Aires'),
(157, 10, 'CA', 'Catamarca'),
(158, 10, 'CH', 'Chaco'),
(159, 10, 'CU', 'Chubut'),
(160, 10, 'CO', 'Cordoba'),
(161, 10, 'CR', 'Corrientes'),
(162, 10, 'DF', 'Distrito Federal'),
(163, 10, 'ER', 'Entre Rios'),
(164, 10, 'FO', 'Formosa'),
(165, 10, 'JU', 'Jujuy'),
(166, 10, 'LP', 'La Pampa'),
(167, 10, 'LR', 'La Rioja'),
(168, 10, 'ME', 'Mendoza'),
(169, 10, 'MI', 'Misiones'),
(170, 10, 'NE', 'Neuquen'),
(171, 10, 'RN', 'Rio Negro'),
(172, 10, 'SA', 'Salta'),
(173, 10, 'SJ', 'San Juan'),
(174, 10, 'SL', 'San Luis'),
(175, 10, 'SC', 'Santa Cruz'),
(176, 10, 'SF', 'Santa Fe'),
(177, 10, 'SD', 'Santiago del Estero'),
(178, 10, 'TF', 'Tierra del Fuego'),
(179, 10, 'TU', 'Tucuman'),
(180, 11, 'AGT', 'Aragatsotn'),
(181, 11, 'ARR', 'Ararat'),
(182, 11, 'ARM', 'Armavir'),
(183, 11, 'GEG', 'Geghark''unik'''),
(184, 11, 'KOT', 'Kotayk'''),
(185, 11, 'LOR', 'Lorri'),
(186, 11, 'SHI', 'Shirak'),
(187, 11, 'SYU', 'Syunik'''),
(188, 11, 'TAV', 'Tavush'),
(189, 11, 'VAY', 'Vayots'' Dzor'),
(190, 11, 'YER', 'Yerevan'),
(191, 13, 'ACT', 'Australian Capital Territory'),
(192, 13, 'NSW', 'New South Wales'),
(193, 13, 'NT', 'Northern Territory'),
(194, 13, 'QLD', 'Queensland'),
(195, 13, 'SA', 'South Australia'),
(196, 13, 'TAS', 'Tasmania'),
(197, 13, 'VIC', 'Victoria'),
(198, 13, 'WA', 'Western Australia'),
(199, 14, 'BUR', 'Burgenland'),
(200, 14, 'KAR', 'Kärnten'),
(201, 14, 'NOS', 'Nieder&ouml;sterreich'),
(202, 14, 'OOS', 'Ober&ouml;sterreich'),
(203, 14, 'SAL', 'Salzburg'),
(204, 14, 'STE', 'Steiermark'),
(205, 14, 'TIR', 'Tirol'),
(206, 14, 'VOR', 'Vorarlberg'),
(207, 14, 'WIE', 'Wien'),
(208, 15, 'AB', 'Ali Bayramli'),
(209, 15, 'ABS', 'Abseron'),
(210, 15, 'AGC', 'AgcabAdi'),
(211, 15, 'AGM', 'Agdam'),
(212, 15, 'AGS', 'Agdas'),
(213, 15, 'AGA', 'Agstafa'),
(214, 15, 'AGU', 'Agsu'),
(215, 15, 'AST', 'Astara'),
(216, 15, 'BA', 'Baki'),
(217, 15, 'BAB', 'BabAk'),
(218, 15, 'BAL', 'BalakAn'),
(219, 15, 'BAR', 'BArdA'),
(220, 15, 'BEY', 'Beylaqan'),
(221, 15, 'BIL', 'Bilasuvar'),
(222, 15, 'CAB', 'Cabrayil'),
(223, 15, 'CAL', 'Calilabab'),
(224, 15, 'CUL', 'Culfa'),
(225, 15, 'DAS', 'Daskasan'),
(226, 15, 'DAV', 'Davaci'),
(227, 15, 'FUZ', 'Fuzuli'),
(228, 15, 'GA', 'Ganca'),
(229, 15, 'GAD', 'Gadabay'),
(230, 15, 'GOR', 'Goranboy'),
(231, 15, 'GOY', 'Goycay'),
(232, 15, 'HAC', 'Haciqabul'),
(233, 15, 'IMI', 'Imisli'),
(234, 15, 'ISM', 'Ismayilli'),
(235, 15, 'KAL', 'Kalbacar'),
(236, 15, 'KUR', 'Kurdamir'),
(237, 15, 'LA', 'Lankaran'),
(238, 15, 'LAC', 'Lacin'),
(239, 15, 'LAN', 'Lankaran'),
(240, 15, 'LER', 'Lerik'),
(241, 15, 'MAS', 'Masalli'),
(242, 15, 'MI', 'Mingacevir'),
(243, 15, 'NA', 'Naftalan'),
(244, 15, 'NEF', 'Neftcala'),
(245, 15, 'OGU', 'Oguz'),
(246, 15, 'ORD', 'Ordubad'),
(247, 15, 'QAB', 'Qabala'),
(248, 15, 'QAX', 'Qax'),
(249, 15, 'QAZ', 'Qazax'),
(250, 15, 'QOB', 'Qobustan'),
(251, 15, 'QBA', 'Quba'),
(252, 15, 'QBI', 'Qubadli'),
(253, 15, 'QUS', 'Qusar'),
(254, 15, 'SA', 'Saki'),
(255, 15, 'SAT', 'Saatli'),
(256, 15, 'SAB', 'Sabirabad'),
(257, 15, 'SAD', 'Sadarak'),
(258, 15, 'SAH', 'Sahbuz'),
(259, 15, 'SAK', 'Saki'),
(260, 15, 'SAL', 'Salyan'),
(261, 15, 'SM', 'Sumqayit'),
(262, 15, 'SMI', 'Samaxi'),
(263, 15, 'SKR', 'Samkir'),
(264, 15, 'SMX', 'Samux'),
(265, 15, 'SAR', 'Sarur'),
(266, 15, 'SIY', 'Siyazan'),
(267, 15, 'SS', 'Susa'),
(268, 15, 'SUS', 'Susa'),
(269, 15, 'TAR', 'Tartar'),
(270, 15, 'TOV', 'Tovuz'),
(271, 15, 'UCA', 'Ucar'),
(272, 15, 'XA', 'Xankandi'),
(273, 15, 'XAC', 'Xacmaz'),
(274, 15, 'XAN', 'Xanlar'),
(275, 15, 'XIZ', 'Xizi'),
(276, 15, 'XCI', 'Xocali'),
(277, 15, 'XVD', 'Xocavand'),
(278, 15, 'YAR', 'Yardimli'),
(279, 15, 'YEV', 'Yevlax'),
(280, 15, 'ZAN', 'Zangilan'),
(281, 15, 'ZAQ', 'Zaqatala'),
(282, 15, 'ZAR', 'Zardab'),
(283, 15, 'NX', 'Naxcivan'),
(284, 16, 'ACK', 'Acklins'),
(285, 16, 'BER', 'Berry Islands'),
(286, 16, 'BIM', 'Bimini'),
(287, 16, 'BLK', 'Black Point'),
(288, 16, 'CAT', 'Cat Island'),
(289, 16, 'CAB', 'Central Abaco'),
(290, 16, 'CAN', 'Central Andros'),
(291, 16, 'CEL', 'Central Eleuthera'),
(292, 16, 'FRE', 'City of Freeport'),
(293, 16, 'CRO', 'Crooked Island'),
(294, 16, 'EGB', 'East Grand Bahama'),
(295, 16, 'EXU', 'Exuma'),
(296, 16, 'GRD', 'Grand Cay'),
(297, 16, 'HAR', 'Harbour Island'),
(298, 16, 'HOP', 'Hope Town'),
(299, 16, 'INA', 'Inagua'),
(300, 16, 'LNG', 'Long Island'),
(301, 16, 'MAN', 'Mangrove Cay'),
(302, 16, 'MAY', 'Mayaguana'),
(303, 16, 'MOO', 'Moore''s Island'),
(304, 16, 'NAB', 'North Abaco'),
(305, 16, 'NAN', 'North Andros'),
(306, 16, 'NEL', 'North Eleuthera'),
(307, 16, 'RAG', 'Ragged Island'),
(308, 16, 'RUM', 'Rum Cay'),
(309, 16, 'SAL', 'San Salvador'),
(310, 16, 'SAB', 'South Abaco'),
(311, 16, 'SAN', 'South Andros'),
(312, 16, 'SEL', 'South Eleuthera'),
(313, 16, 'SWE', 'Spanish Wells'),
(314, 16, 'WGB', 'West Grand Bahama'),
(315, 17, 'CAP', 'Capital'),
(316, 17, 'CEN', 'Central'),
(317, 17, 'MUH', 'Muharraq'),
(318, 17, 'NOR', 'Northern'),
(319, 17, 'SOU', 'Southern'),
(320, 18, 'BAR', 'Barisal'),
(321, 18, 'CHI', 'Chittagong'),
(322, 18, 'DHA', 'Dhaka'),
(323, 18, 'KHU', 'Khulna'),
(324, 18, 'RAJ', 'Rajshahi'),
(325, 18, 'SYL', 'Sylhet'),
(326, 19, 'CC', 'Christ Church'),
(327, 19, 'AND', 'Saint Andrew'),
(328, 19, 'GEO', 'Saint George'),
(329, 19, 'JAM', 'Saint James'),
(330, 19, 'JOH', 'Saint John'),
(331, 19, 'JOS', 'Saint Joseph'),
(332, 19, 'LUC', 'Saint Lucy'),
(333, 19, 'MIC', 'Saint Michael'),
(334, 19, 'PET', 'Saint Peter'),
(335, 19, 'PHI', 'Saint Philip'),
(336, 19, 'THO', 'Saint Thomas'),
(337, 20, 'BR', 'Brestskaya (Brest)'),
(338, 20, 'HO', 'Homyel''skaya (Homyel'')'),
(339, 20, 'HM', 'Horad Minsk'),
(340, 20, 'HR', 'Hrodzyenskaya (Hrodna)'),
(341, 20, 'MA', 'Mahilyowskaya (Mahilyow)'),
(342, 20, 'MI', 'Minskaya'),
(343, 20, 'VI', 'Vitsyebskaya (Vitsyebsk)'),
(344, 21, 'VAN', 'Antwerpen'),
(345, 21, 'WBR', 'Brabant Wallon'),
(346, 21, 'WHT', 'Hainaut'),
(347, 21, 'WLG', 'Liege'),
(348, 21, 'VLI', 'Limburg'),
(349, 21, 'WLX', 'Luxembourg'),
(350, 21, 'WNA', 'Namur'),
(351, 21, 'VOV', 'Oost-Vlaanderen'),
(352, 21, 'VBR', 'Vlaams Brabant'),
(353, 21, 'VWV', 'West-Vlaanderen'),
(354, 22, 'BZ', 'Belize'),
(355, 22, 'CY', 'Cayo'),
(356, 22, 'CR', 'Corozal'),
(357, 22, 'OW', 'Orange Walk'),
(358, 22, 'SC', 'Stann Creek'),
(359, 22, 'TO', 'Toledo'),
(360, 23, 'AL', 'Alibori'),
(361, 23, 'AK', 'Atakora'),
(362, 23, 'AQ', 'Atlantique'),
(363, 23, 'BO', 'Borgou'),
(364, 23, 'CO', 'Collines'),
(365, 23, 'DO', 'Donga'),
(366, 23, 'KO', 'Kouffo'),
(367, 23, 'LI', 'Littoral'),
(368, 23, 'MO', 'Mono'),
(369, 23, 'OU', 'Oueme'),
(370, 23, 'PL', 'Plateau'),
(371, 23, 'ZO', 'Zou'),
(372, 24, 'DS', 'Devonshire'),
(373, 24, 'HC', 'Hamilton City'),
(374, 24, 'HA', 'Hamilton'),
(375, 24, 'PG', 'Paget'),
(376, 24, 'PB', 'Pembroke'),
(377, 24, 'GC', 'Saint George City'),
(378, 24, 'SG', 'Saint George''s'),
(379, 24, 'SA', 'Sandys'),
(380, 24, 'SM', 'Smith''s'),
(381, 24, 'SH', 'Southampton'),
(382, 24, 'WA', 'Warwick'),
(383, 25, 'BUM', 'Bumthang'),
(384, 25, 'CHU', 'Chukha'),
(385, 25, 'DAG', 'Dagana'),
(386, 25, 'GAS', 'Gasa'),
(387, 25, 'HAA', 'Haa'),
(388, 25, 'LHU', 'Lhuntse'),
(389, 25, 'MON', 'Mongar'),
(390, 25, 'PAR', 'Paro'),
(391, 25, 'PEM', 'Pemagatshel'),
(392, 25, 'PUN', 'Punakha'),
(393, 25, 'SJO', 'Samdrup Jongkhar'),
(394, 25, 'SAT', 'Samtse'),
(395, 25, 'SAR', 'Sarpang'),
(396, 25, 'THI', 'Thimphu'),
(397, 25, 'TRG', 'Trashigang'),
(398, 25, 'TRY', 'Trashiyangste'),
(399, 25, 'TRO', 'Trongsa'),
(400, 25, 'TSI', 'Tsirang'),
(401, 25, 'WPH', 'Wangdue Phodrang'),
(402, 25, 'ZHE', 'Zhemgang'),
(403, 26, 'BEN', 'Beni'),
(404, 26, 'CHU', 'Chuquisaca'),
(405, 26, 'COC', 'Cochabamba'),
(406, 26, 'LPZ', 'La Paz'),
(407, 26, 'ORU', 'Oruro'),
(408, 26, 'PAN', 'Pando'),
(409, 26, 'POT', 'Potosi'),
(410, 26, 'SCZ', 'Santa Cruz'),
(411, 26, 'TAR', 'Tarija'),
(412, 27, 'BRO', 'Brcko district'),
(413, 27, 'FUS', 'Unsko-Sanski Kanton'),
(414, 27, 'FPO', 'Posavski Kanton'),
(415, 27, 'FTU', 'Tuzlanski Kanton'),
(416, 27, 'FZE', 'Zenicko-Dobojski Kanton'),
(417, 27, 'FBP', 'Bosanskopodrinjski Kanton'),
(418, 27, 'FSB', 'Srednjebosanski Kanton'),
(419, 27, 'FHN', 'Hercegovacko-neretvanski Kanton'),
(420, 27, 'FZH', 'Zapadnohercegovacka Zupanija'),
(421, 27, 'FSA', 'Kanton Sarajevo'),
(422, 27, 'FZA', 'Zapadnobosanska'),
(423, 27, 'SBL', 'Banja Luka'),
(424, 27, 'SDO', 'Doboj'),
(425, 27, 'SBI', 'Bijeljina'),
(426, 27, 'SVL', 'Vlasenica'),
(427, 27, 'SSR', 'Sarajevo-Romanija or Sokolac'),
(428, 27, 'SFO', 'Foca'),
(429, 27, 'STR', 'Trebinje'),
(430, 28, 'CE', 'Central'),
(431, 28, 'GH', 'Ghanzi'),
(432, 28, 'KD', 'Kgalagadi'),
(433, 28, 'KT', 'Kgatleng'),
(434, 28, 'KW', 'Kweneng'),
(435, 28, 'NG', 'Ngamiland'),
(436, 28, 'NE', 'North East'),
(437, 28, 'NW', 'North West'),
(438, 28, 'SE', 'South East'),
(439, 28, 'SO', 'Southern'),
(440, 30, 'AC', 'Acre'),
(441, 30, 'AL', 'Alagoas'),
(442, 30, 'AP', 'Amapa'),
(443, 30, 'AM', 'Amazonas'),
(444, 30, 'BA', 'Bahia'),
(445, 30, 'CE', 'Ceara'),
(446, 30, 'DF', 'Distrito Federal'),
(447, 30, 'ES', 'Espirito Santo'),
(448, 30, 'GO', 'Goias'),
(449, 30, 'MA', 'Maranhao'),
(450, 30, 'MT', 'Mato Grosso'),
(451, 30, 'MS', 'Mato Grosso do Sul'),
(452, 30, 'MG', 'Minas Gerais'),
(453, 30, 'PA', 'Para'),
(454, 30, 'PB', 'Paraiba'),
(455, 30, 'PR', 'Parana'),
(456, 30, 'PE', 'Pernambuco'),
(457, 30, 'PI', 'Piaui'),
(458, 30, 'RJ', 'Rio de Janeiro'),
(459, 30, 'RN', 'Rio Grande do Norte'),
(460, 30, 'RS', 'Rio Grande do Sul'),
(461, 30, 'RO', 'Rondonia'),
(462, 30, 'RR', 'Roraima'),
(463, 30, 'SC', 'Santa Catarina'),
(464, 30, 'SP', 'Sao Paulo'),
(465, 30, 'SE', 'Sergipe'),
(466, 30, 'TO', 'Tocantins'),
(467, 31, 'PB', 'Peros Banhos'),
(468, 31, 'SI', 'Salomon Islands'),
(469, 31, 'NI', 'Nelsons Island'),
(470, 31, 'TB', 'Three Brothers'),
(471, 31, 'EA', 'Eagle Islands'),
(472, 31, 'DI', 'Danger Island'),
(473, 31, 'EG', 'Egmont Islands'),
(474, 31, 'DG', 'Diego Garcia'),
(475, 32, 'BEL', 'Belait'),
(476, 32, 'BRM', 'Brunei and Muara'),
(477, 32, 'TEM', 'Temburong'),
(478, 32, 'TUT', 'Tutong'),
(479, 33, '', 'Blagoevgrad'),
(480, 33, '', 'Burgas'),
(481, 33, '', 'Dobrich'),
(482, 33, '', 'Gabrovo'),
(483, 33, '', 'Haskovo'),
(484, 33, '', 'Kardjali'),
(485, 33, '', 'Kyustendil'),
(486, 33, '', 'Lovech'),
(487, 33, '', 'Montana'),
(488, 33, '', 'Pazardjik'),
(489, 33, '', 'Pernik'),
(490, 33, '', 'Pleven'),
(491, 33, '', 'Plovdiv'),
(492, 33, '', 'Razgrad'),
(493, 33, '', 'Shumen'),
(494, 33, '', 'Silistra'),
(495, 33, '', 'Sliven'),
(496, 33, '', 'Smolyan'),
(497, 33, '', 'Sofia'),
(498, 33, '', 'Sofia - town'),
(499, 33, '', 'Stara Zagora'),
(500, 33, '', 'Targovishte'),
(501, 33, '', 'Varna'),
(502, 33, '', 'Veliko Tarnovo'),
(503, 33, '', 'Vidin'),
(504, 33, '', 'Vratza'),
(505, 33, '', 'Yambol'),
(506, 34, 'BAL', 'Bale'),
(507, 34, 'BAM', 'Bam'),
(508, 34, 'BAN', 'Banwa'),
(509, 34, 'BAZ', 'Bazega'),
(510, 34, 'BOR', 'Bougouriba'),
(511, 34, 'BLG', 'Boulgou'),
(512, 34, 'BOK', 'Boulkiemde'),
(513, 34, 'COM', 'Comoe'),
(514, 34, 'GAN', 'Ganzourgou'),
(515, 34, 'GNA', 'Gnagna'),
(516, 34, 'GOU', 'Gourma'),
(517, 34, 'HOU', 'Houet'),
(518, 34, 'IOA', 'Ioba'),
(519, 34, 'KAD', 'Kadiogo'),
(520, 34, 'KEN', 'Kenedougou'),
(521, 34, 'KOD', 'Komondjari'),
(522, 34, 'KOP', 'Kompienga'),
(523, 34, 'KOS', 'Kossi'),
(524, 34, 'KOL', 'Koulpelogo'),
(525, 34, 'KOT', 'Kouritenga'),
(526, 34, 'KOW', 'Kourweogo'),
(527, 34, 'LER', 'Leraba'),
(528, 34, 'LOR', 'Loroum'),
(529, 34, 'MOU', 'Mouhoun'),
(530, 34, 'NAH', 'Nahouri'),
(531, 34, 'NAM', 'Namentenga'),
(532, 34, 'NAY', 'Nayala'),
(533, 34, 'NOU', 'Noumbiel'),
(534, 34, 'OUB', 'Oubritenga'),
(535, 34, 'OUD', 'Oudalan'),
(536, 34, 'PAS', 'Passore'),
(537, 34, 'PON', 'Poni'),
(538, 34, 'SAG', 'Sanguie'),
(539, 34, 'SAM', 'Sanmatenga'),
(540, 34, 'SEN', 'Seno'),
(541, 34, 'SIS', 'Sissili'),
(542, 34, 'SOM', 'Soum'),
(543, 34, 'SOR', 'Sourou'),
(544, 34, 'TAP', 'Tapoa'),
(545, 34, 'TUY', 'Tuy'),
(546, 34, 'YAG', 'Yagha'),
(547, 34, 'YAT', 'Yatenga'),
(548, 34, 'ZIR', 'Ziro'),
(549, 34, 'ZOD', 'Zondoma'),
(550, 34, 'ZOW', 'Zoundweogo'),
(551, 35, 'BB', 'Bubanza'),
(552, 35, 'BJ', 'Bujumbura'),
(553, 35, 'BR', 'Bururi'),
(554, 35, 'CA', 'Cankuzo'),
(555, 35, 'CI', 'Cibitoke'),
(556, 35, 'GI', 'Gitega'),
(557, 35, 'KR', 'Karuzi'),
(558, 35, 'KY', 'Kayanza'),
(559, 35, 'KI', 'Kirundo'),
(560, 35, 'MA', 'Makamba'),
(561, 35, 'MU', 'Muramvya'),
(562, 35, 'MY', 'Muyinga'),
(563, 35, 'MW', 'Mwaro'),
(564, 35, 'NG', 'Ngozi'),
(565, 35, 'RT', 'Rutana'),
(566, 35, 'RY', 'Ruyigi'),
(567, 36, 'PP', 'Phnom Penh'),
(568, 36, 'PS', 'Preah Seihanu (Kompong Som or Sihanoukville)'),
(569, 36, 'PA', 'Pailin'),
(570, 36, 'KB', 'Keb'),
(571, 36, 'BM', 'Banteay Meanchey'),
(572, 36, 'BA', 'Battambang'),
(573, 36, 'KM', 'Kampong Cham'),
(574, 36, 'KN', 'Kampong Chhnang'),
(575, 36, 'KU', 'Kampong Speu'),
(576, 36, 'KO', 'Kampong Som'),
(577, 36, 'KT', 'Kampong Thom'),
(578, 36, 'KP', 'Kampot'),
(579, 36, 'KL', 'Kandal'),
(580, 36, 'KK', 'Kaoh Kong'),
(581, 36, 'KR', 'Kratie'),
(582, 36, 'MK', 'Mondul Kiri'),
(583, 36, 'OM', 'Oddar Meancheay'),
(584, 36, 'PU', 'Pursat'),
(585, 36, 'PR', 'Preah Vihear'),
(586, 36, 'PG', 'Prey Veng'),
(587, 36, 'RK', 'Ratanak Kiri'),
(588, 36, 'SI', 'Siemreap'),
(589, 36, 'ST', 'Stung Treng'),
(590, 36, 'SR', 'Svay Rieng'),
(591, 36, 'TK', 'Takeo'),
(592, 37, 'ADA', 'Adamawa (Adamaoua)'),
(593, 37, 'CEN', 'Centre'),
(594, 37, 'EST', 'East (Est)'),
(595, 37, 'EXN', 'Extreme North (Extreme-Nord)'),
(596, 37, 'LIT', 'Littoral'),
(597, 37, 'NOR', 'North (Nord)'),
(598, 37, 'NOT', 'Northwest (Nord-Ouest)'),
(599, 37, 'OUE', 'West (Ouest)'),
(600, 37, 'SUD', 'South (Sud)'),
(601, 37, 'SOU', 'Southwest (Sud-Ouest).'),
(602, 38, 'AB', 'Alberta'),
(603, 38, 'BC', 'British Columbia'),
(604, 38, 'MB', 'Manitoba'),
(605, 38, 'NB', 'New Brunswick'),
(606, 38, 'NL', 'Newfoundland and Labrador'),
(607, 38, 'NT', 'Northwest Territories'),
(608, 38, 'NS', 'Nova Scotia'),
(609, 38, 'NU', 'Nunavut'),
(610, 38, 'ON', 'Ontario'),
(611, 38, 'PE', 'Prince Edward Island'),
(612, 38, 'QC', 'Qu&eacute;bec'),
(613, 38, 'SK', 'Saskatchewan'),
(614, 38, 'YT', 'Yukon Territory'),
(615, 39, 'BV', 'Boa Vista'),
(616, 39, 'BR', 'Brava'),
(617, 39, 'CS', 'Calheta de Sao Miguel'),
(618, 39, 'MA', 'Maio'),
(619, 39, 'MO', 'Mosteiros'),
(620, 39, 'PA', 'Paul'),
(621, 39, 'PN', 'Porto Novo'),
(622, 39, 'PR', 'Praia'),
(623, 39, 'RG', 'Ribeira Grande'),
(624, 39, 'SL', 'Sal'),
(625, 39, 'CA', 'Santa Catarina'),
(626, 39, 'CR', 'Santa Cruz'),
(627, 39, 'SD', 'Sao Domingos'),
(628, 39, 'SF', 'Sao Filipe'),
(629, 39, 'SN', 'Sao Nicolau'),
(630, 39, 'SV', 'Sao Vicente'),
(631, 39, 'TA', 'Tarrafal'),
(632, 40, 'CR', 'Creek'),
(633, 40, 'EA', 'Eastern'),
(634, 40, 'ML', 'Midland'),
(635, 40, 'ST', 'South Town'),
(636, 40, 'SP', 'Spot Bay'),
(637, 40, 'SK', 'Stake Bay'),
(638, 40, 'WD', 'West End'),
(639, 40, 'WN', 'Western'),
(640, 41, 'BBA', 'Bamingui-Bangoran'),
(641, 41, 'BKO', 'Basse-Kotto'),
(642, 41, 'HKO', 'Haute-Kotto'),
(643, 41, 'HMB', 'Haut-Mbomou'),
(644, 41, 'KEM', 'Kemo'),
(645, 41, 'LOB', 'Lobaye'),
(646, 41, 'MKD', 'Mambere-KadeÔ'),
(647, 41, 'MBO', 'Mbomou'),
(648, 41, 'NMM', 'Nana-Mambere'),
(649, 41, 'OMP', 'Ombella-M''Poko'),
(650, 41, 'OUK', 'Ouaka'),
(651, 41, 'OUH', 'Ouham'),
(652, 41, 'OPE', 'Ouham-Pende'),
(653, 41, 'VAK', 'Vakaga'),
(654, 41, 'NGR', 'Nana-Grebizi'),
(655, 41, 'SMB', 'Sangha-Mbaere'),
(656, 41, 'BAN', 'Bangui'),
(657, 42, 'BA', 'Batha'),
(658, 42, 'BI', 'Biltine'),
(659, 42, 'BE', 'Borkou-Ennedi-Tibesti'),
(660, 42, 'CB', 'Chari-Baguirmi'),
(661, 42, 'GU', 'Guera'),
(662, 42, 'KA', 'Kanem'),
(663, 42, 'LA', 'Lac'),
(664, 42, 'LC', 'Logone Occidental'),
(665, 42, 'LR', 'Logone Oriental'),
(666, 42, 'MK', 'Mayo-Kebbi'),
(667, 42, 'MC', 'Moyen-Chari'),
(668, 42, 'OU', 'Ouaddai'),
(669, 42, 'SA', 'Salamat'),
(670, 42, 'TA', 'Tandjile'),
(671, 43, 'AI', 'Aisen del General Carlos Ibanez'),
(672, 43, 'AN', 'Antofagasta'),
(673, 43, 'AR', 'Araucania'),
(674, 43, 'AT', 'Atacama'),
(675, 43, 'BI', 'Bio-Bio'),
(676, 43, 'CO', 'Coquimbo'),
(677, 43, 'LI', 'Libertador General Bernardo O''Hi'),
(678, 43, 'LL', 'Los Lagos'),
(679, 43, 'MA', 'Magallanes y de la Antartica Chi'),
(680, 43, 'ML', 'Maule'),
(681, 43, 'RM', 'Region Metropolitana'),
(682, 43, 'TA', 'Tarapaca'),
(683, 43, 'VS', 'Valparaiso'),
(684, 44, 'AN', 'Anhui'),
(685, 44, 'BE', 'Beijing'),
(686, 44, 'CH', 'Chongqing'),
(687, 44, 'FU', 'Fujian'),
(688, 44, 'GA', 'Gansu'),
(689, 44, 'GU', 'Guangdong'),
(690, 44, 'GX', 'Guangxi'),
(691, 44, 'GZ', 'Guizhou'),
(692, 44, 'HA', 'Hainan'),
(693, 44, 'HB', 'Hebei'),
(694, 44, 'HL', 'Heilongjiang'),
(695, 44, 'HE', 'Henan'),
(696, 44, 'HK', 'Hong Kong'),
(697, 44, 'HU', 'Hubei'),
(698, 44, 'HN', 'Hunan'),
(699, 44, 'IM', 'Inner Mongolia'),
(700, 44, 'JI', 'Jiangsu'),
(701, 44, 'JX', 'Jiangxi'),
(702, 44, 'JL', 'Jilin'),
(703, 44, 'LI', 'Liaoning'),
(704, 44, 'MA', 'Macau'),
(705, 44, 'NI', 'Ningxia'),
(706, 44, 'SH', 'Shaanxi'),
(707, 44, 'SA', 'Shandong'),
(708, 44, 'SG', 'Shanghai'),
(709, 44, 'SX', 'Shanxi'),
(710, 44, 'SI', 'Sichuan'),
(711, 44, 'TI', 'Tianjin'),
(712, 44, 'XI', 'Xinjiang'),
(713, 44, 'YU', 'Yunnan'),
(714, 44, 'ZH', 'Zhejiang'),
(715, 46, 'D', 'Direction Island'),
(716, 46, 'H', 'Home Island'),
(717, 46, 'O', 'Horsburgh Island'),
(718, 46, 'S', 'South Island'),
(719, 46, 'W', 'West Island'),
(720, 47, 'AMZ', 'Amazonas'),
(721, 47, 'ANT', 'Antioquia'),
(722, 47, 'ARA', 'Arauca'),
(723, 47, 'ATL', 'Atlantico'),
(724, 47, 'BDC', 'Bogota D.C.'),
(725, 47, 'BOL', 'Bolivar'),
(726, 47, 'BOY', 'Boyaca'),
(727, 47, 'CAL', 'Caldas'),
(728, 47, 'CAQ', 'Caqueta'),
(729, 47, 'CAS', 'Casanare'),
(730, 47, 'CAU', 'Cauca'),
(731, 47, 'CES', 'Cesar'),
(732, 47, 'CHO', 'Choco'),
(733, 47, 'COR', 'Cordoba'),
(734, 47, 'CAM', 'Cundinamarca'),
(735, 47, 'GNA', 'Guainia'),
(736, 47, 'GJR', 'Guajira'),
(737, 47, 'GVR', 'Guaviare'),
(738, 47, 'HUI', 'Huila'),
(739, 47, 'MAG', 'Magdalena'),
(740, 47, 'MET', 'Meta'),
(741, 47, 'NAR', 'Narino'),
(742, 47, 'NDS', 'Norte de Santander'),
(743, 47, 'PUT', 'Putumayo'),
(744, 47, 'QUI', 'Quindio'),
(745, 47, 'RIS', 'Risaralda'),
(746, 47, 'SAP', 'San Andres y Providencia'),
(747, 47, 'SAN', 'Santander'),
(748, 47, 'SUC', 'Sucre'),
(749, 47, 'TOL', 'Tolima'),
(750, 47, 'VDC', 'Valle del Cauca'),
(751, 47, 'VAU', 'Vaupes'),
(752, 47, 'VIC', 'Vichada'),
(753, 48, 'G', 'Grande Comore'),
(754, 48, 'A', 'Anjouan'),
(755, 48, 'M', 'Moheli'),
(756, 49, 'BO', 'Bouenza'),
(757, 49, 'BR', 'Brazzaville'),
(758, 49, 'CU', 'Cuvette'),
(759, 49, 'CO', 'Cuvette-Ouest'),
(760, 49, 'KO', 'Kouilou'),
(761, 49, 'LE', 'Lekoumou'),
(762, 49, 'LI', 'Likouala'),
(763, 49, 'NI', 'Niari'),
(764, 49, 'PL', 'Plateaux'),
(765, 49, 'PO', 'Pool'),
(766, 49, 'SA', 'Sangha'),
(767, 50, 'PU', 'Pukapuka'),
(768, 50, 'RK', 'Rakahanga'),
(769, 50, 'MK', 'Manihiki'),
(770, 50, 'PE', 'Penrhyn'),
(771, 50, 'NI', 'Nassau Island'),
(772, 50, 'SU', 'Surwarrow'),
(773, 50, 'PA', 'Palmerston'),
(774, 50, 'AI', 'Aitutaki'),
(775, 50, 'MA', 'Manuae'),
(776, 50, 'TA', 'Takutea'),
(777, 50, 'MT', 'Mitiaro'),
(778, 50, 'AT', 'Atiu'),
(779, 50, 'MU', 'Mauke'),
(780, 50, 'RR', 'Rarotonga'),
(781, 50, 'MG', 'Mangaia'),
(782, 51, 'AL', 'Alajuela'),
(783, 51, 'CA', 'Cartago'),
(784, 51, 'GU', 'Guanacaste'),
(785, 51, 'HE', 'Heredia'),
(786, 51, 'LI', 'Limon'),
(787, 51, 'PU', 'Puntarenas'),
(788, 51, 'SJ', 'San Jose'),
(789, 52, 'ABE', 'Abengourou'),
(790, 52, 'ABI', 'Abidjan'),
(791, 52, 'ABO', 'Aboisso'),
(792, 52, 'ADI', 'Adiake'),
(793, 52, 'ADZ', 'Adzope'),
(794, 52, 'AGB', 'Agboville'),
(795, 52, 'AGN', 'Agnibilekrou'),
(796, 52, 'ALE', 'Alepe'),
(797, 52, 'BOC', 'Bocanda'),
(798, 52, 'BAN', 'Bangolo'),
(799, 52, 'BEO', 'Beoumi'),
(800, 52, 'BIA', 'Biankouma'),
(801, 52, 'BDK', 'Bondoukou'),
(802, 52, 'BGN', 'Bongouanou'),
(803, 52, 'BFL', 'Bouafle'),
(804, 52, 'BKE', 'Bouake'),
(805, 52, 'BNA', 'Bouna'),
(806, 52, 'BDL', 'Boundiali'),
(807, 52, 'DKL', 'Dabakala'),
(808, 52, 'DBU', 'Dabou'),
(809, 52, 'DAL', 'Daloa'),
(810, 52, 'DAN', 'Danane'),
(811, 52, 'DAO', 'Daoukro'),
(812, 52, 'DIM', 'Dimbokro'),
(813, 52, 'DIV', 'Divo'),
(814, 52, 'DUE', 'Duekoue'),
(815, 52, 'FER', 'Ferkessedougou'),
(816, 52, 'GAG', 'Gagnoa'),
(817, 52, 'GBA', 'Grand-Bassam'),
(818, 52, 'GLA', 'Grand-Lahou'),
(819, 52, 'GUI', 'Guiglo'),
(820, 52, 'ISS', 'Issia'),
(821, 52, 'JAC', 'Jacqueville'),
(822, 52, 'KAT', 'Katiola'),
(823, 52, 'KOR', 'Korhogo'),
(824, 52, 'LAK', 'Lakota'),
(825, 52, 'MAN', 'Man'),
(826, 52, 'MKN', 'Mankono'),
(827, 52, 'MBA', 'Mbahiakro'),
(828, 52, 'ODI', 'Odienne'),
(829, 52, 'OUM', 'Oume'),
(830, 52, 'SAK', 'Sakassou'),
(831, 52, 'SPE', 'San-Pedro'),
(832, 52, 'SAS', 'Sassandra'),
(833, 52, 'SEG', 'Seguela'),
(834, 52, 'SIN', 'Sinfra'),
(835, 52, 'SOU', 'Soubre'),
(836, 52, 'TAB', 'Tabou'),
(837, 52, 'TAN', 'Tanda'),
(838, 52, 'TIE', 'Tiebissou'),
(839, 52, 'TIN', 'Tingrela'),
(840, 52, 'TIA', 'Tiassale'),
(841, 52, 'TBA', 'Touba'),
(842, 52, 'TLP', 'Toulepleu'),
(843, 52, 'TMD', 'Toumodi'),
(844, 52, 'VAV', 'Vavoua'),
(845, 52, 'YAM', 'Yamoussoukro'),
(846, 52, 'ZUE', 'Zuenoula'),
(847, 53, 'BB', 'Bjelovar-Bilogora'),
(848, 53, 'CZ', 'City of Zagreb'),
(849, 53, 'DN', 'Dubrovnik-Neretva'),
(850, 53, 'IS', 'Istra'),
(851, 53, 'KA', 'Karlovac'),
(852, 53, 'KK', 'Koprivnica-Krizevci'),
(853, 53, 'KZ', 'Krapina-Zagorje'),
(854, 53, 'LS', 'Lika-Senj'),
(855, 53, 'ME', 'Medimurje'),
(856, 53, 'OB', 'Osijek-Baranja'),
(857, 53, 'PS', 'Pozega-Slavonia'),
(858, 53, 'PG', 'Primorje-Gorski Kotar'),
(859, 53, 'SI', 'Sibenik'),
(860, 53, 'SM', 'Sisak-Moslavina'),
(861, 53, 'SB', 'Slavonski Brod-Posavina'),
(862, 53, 'SD', 'Split-Dalmatia'),
(863, 53, 'VA', 'Varazdin'),
(864, 53, 'VP', 'Virovitica-Podravina'),
(865, 53, 'VS', 'Vukovar-Srijem'),
(866, 53, 'ZK', 'Zadar-Knin'),
(867, 53, 'ZA', 'Zagreb'),
(868, 54, 'CA', 'Camaguey'),
(869, 54, 'CD', 'Ciego de Avila'),
(870, 54, 'CI', 'Cienfuegos'),
(871, 54, 'CH', 'Ciudad de La Habana'),
(872, 54, 'GR', 'Granma'),
(873, 54, 'GU', 'Guantanamo'),
(874, 54, 'HO', 'Holguin'),
(875, 54, 'IJ', 'Isla de la Juventud'),
(876, 54, 'LH', 'La Habana'),
(877, 54, 'LT', 'Las Tunas'),
(878, 54, 'MA', 'Matanzas'),
(879, 54, 'PR', 'Pinar del Rio'),
(880, 54, 'SS', 'Sancti Spiritus'),
(881, 54, 'SC', 'Santiago de Cuba'),
(882, 54, 'VC', 'Villa Clara'),
(883, 55, 'F', 'Famagusta'),
(884, 55, 'K', 'Kyrenia'),
(885, 55, 'A', 'Larnaca'),
(886, 55, 'I', 'Limassol'),
(887, 55, 'N', 'Nicosia'),
(888, 55, 'P', 'Paphos'),
(889, 56, 'U', 'Ustecky'),
(890, 56, 'C', 'Jihocesky'),
(891, 56, 'B', 'Jihomoravsky'),
(892, 56, 'K', 'Karlovarsky'),
(893, 56, 'H', 'Kralovehradecky'),
(894, 56, 'L', 'Liberecky'),
(895, 56, 'T', 'Moravskoslezsky'),
(896, 56, 'M', 'Olomoucky'),
(897, 56, 'E', 'Pardubicky'),
(898, 56, 'P', 'Plzensky'),
(899, 56, 'A', 'Praha'),
(900, 56, 'S', 'Stredocesky'),
(901, 56, 'J', 'Vysocina'),
(902, 56, 'Z', 'Zlinsky'),
(903, 57, 'AR', 'Arhus'),
(904, 57, 'BH', 'Bornholm'),
(905, 57, 'CO', 'Copenhagen'),
(906, 57, 'FO', 'Faroe Islands'),
(907, 57, 'FR', 'Frederiksborg'),
(908, 57, 'FY', 'Fyn'),
(909, 57, 'KO', 'Kobenhavn'),
(910, 57, 'NO', 'Nordjylland'),
(911, 57, 'RI', 'Ribe'),
(912, 57, 'RK', 'Ringkobing'),
(913, 57, 'RO', 'Roskilde'),
(914, 57, 'SO', 'Sonderjylland'),
(915, 57, 'ST', 'Storstrom'),
(916, 57, 'VK', 'Vejle'),
(917, 57, 'VJ', 'Vestj&aelig;lland'),
(918, 57, 'VB', 'Viborg'),
(919, 58, 'S', '''Ali Sabih'),
(920, 58, 'K', 'Dikhil'),
(921, 58, 'J', 'Djibouti'),
(922, 58, 'O', 'Obock'),
(923, 58, 'T', 'Tadjoura'),
(924, 59, 'AND', 'Saint Andrew Parish'),
(925, 59, 'DAV', 'Saint David Parish'),
(926, 59, 'GEO', 'Saint George Parish'),
(927, 59, 'JOH', 'Saint John Parish'),
(928, 59, 'JOS', 'Saint Joseph Parish'),
(929, 59, 'LUK', 'Saint Luke Parish'),
(930, 59, 'MAR', 'Saint Mark Parish'),
(931, 59, 'PAT', 'Saint Patrick Parish'),
(932, 59, 'PAU', 'Saint Paul Parish'),
(933, 59, 'PET', 'Saint Peter Parish'),
(934, 60, 'DN', 'Distrito Nacional'),
(935, 60, 'AZ', 'Azua'),
(936, 60, 'BC', 'Baoruco'),
(937, 60, 'BH', 'Barahona'),
(938, 60, 'DJ', 'Dajabon'),
(939, 60, 'DU', 'Duarte'),
(940, 60, 'EL', 'Elias Pina'),
(941, 60, 'SY', 'El Seybo'),
(942, 60, 'ET', 'Espaillat'),
(943, 60, 'HM', 'Hato Mayor'),
(944, 60, 'IN', 'Independencia'),
(945, 60, 'AL', 'La Altagracia'),
(946, 60, 'RO', 'La Romana'),
(947, 60, 'VE', 'La Vega'),
(948, 60, 'MT', 'Maria Trinidad Sanchez'),
(949, 60, 'MN', 'Monsenor Nouel'),
(950, 60, 'MC', 'Monte Cristi'),
(951, 60, 'MP', 'Monte Plata'),
(952, 60, 'PD', 'Pedernales'),
(953, 60, 'PR', 'Peravia (Bani)'),
(954, 60, 'PP', 'Puerto Plata'),
(955, 60, 'SL', 'Salcedo'),
(956, 60, 'SM', 'Samana'),
(957, 60, 'SH', 'Sanchez Ramirez'),
(958, 60, 'SC', 'San Cristobal'),
(959, 60, 'JO', 'San Jose de Ocoa'),
(960, 60, 'SJ', 'San Juan'),
(961, 60, 'PM', 'San Pedro de Macoris'),
(962, 60, 'SA', 'Santiago'),
(963, 60, 'ST', 'Santiago Rodriguez'),
(964, 60, 'SD', 'Santo Domingo'),
(965, 60, 'VA', 'Valverde'),
(966, 61, 'AL', 'Aileu'),
(967, 61, 'AN', 'Ainaro'),
(968, 61, 'BA', 'Baucau'),
(969, 61, 'BO', 'Bobonaro'),
(970, 61, 'CO', 'Cova Lima'),
(971, 61, 'DI', 'Dili'),
(972, 61, 'ER', 'Ermera'),
(973, 61, 'LA', 'Lautem'),
(974, 61, 'LI', 'Liquica'),
(975, 61, 'MT', 'Manatuto'),
(976, 61, 'MF', 'Manufahi'),
(977, 61, 'OE', 'Oecussi'),
(978, 61, 'VI', 'Viqueque'),
(979, 62, 'AZU', 'Azuay'),
(980, 62, 'BOL', 'Bolivar'),
(981, 62, 'CAN', 'Ca&ntilde;ar'),
(982, 62, 'CAR', 'Carchi'),
(983, 62, 'CHI', 'Chimborazo'),
(984, 62, 'COT', 'Cotopaxi'),
(985, 62, 'EOR', 'El Oro'),
(986, 62, 'ESM', 'Esmeraldas'),
(987, 62, 'GPS', 'Gal&aacute;pagos'),
(988, 62, 'GUA', 'Guayas'),
(989, 62, 'IMB', 'Imbabura'),
(990, 62, 'LOJ', 'Loja'),
(991, 62, 'LRO', 'Los Rios'),
(992, 62, 'MAN', 'Manab&iacute;'),
(993, 62, 'MSA', 'Morona Santiago'),
(994, 62, 'NAP', 'Napo'),
(995, 62, 'ORE', 'Orellana'),
(996, 62, 'PAS', 'Pastaza'),
(997, 62, 'PIC', 'Pichincha'),
(998, 62, 'SUC', 'Sucumb&iacute;os'),
(999, 62, 'TUN', 'Tungurahua'),
(1000, 62, 'ZCH', 'Zamora Chinchipe'),
(1001, 63, 'DHY', 'Ad Daqahliyah'),
(1002, 63, 'BAM', 'Al Bahr al Ahmar'),
(1003, 63, 'BHY', 'Al Buhayrah'),
(1004, 63, 'FYM', 'Al Fayyum'),
(1005, 63, 'GBY', 'Al Gharbiyah'),
(1006, 63, 'IDR', 'Al Iskandariyah'),
(1007, 63, 'IML', 'Al Isma''iliyah'),
(1008, 63, 'JZH', 'Al Jizah'),
(1009, 63, 'MFY', 'Al Minufiyah'),
(1010, 63, 'MNY', 'Al Minya'),
(1011, 63, 'QHR', 'Al Qahirah'),
(1012, 63, 'QLY', 'Al Qalyubiyah'),
(1013, 63, 'WJD', 'Al Wadi al Jadid'),
(1014, 63, 'SHQ', 'Ash Sharqiyah'),
(1015, 63, 'SWY', 'As Suways'),
(1016, 63, 'ASW', 'Aswan'),
(1017, 63, 'ASY', 'Asyut'),
(1018, 63, 'BSW', 'Bani Suwayf'),
(1019, 63, 'BSD', 'Bur Sa''id'),
(1020, 63, 'DMY', 'Dumyat'),
(1021, 63, 'JNS', 'Janub Sina'''),
(1022, 63, 'KSH', 'Kafr ash Shaykh'),
(1023, 63, 'MAT', 'Matruh'),
(1024, 63, 'QIN', 'Qina'),
(1025, 63, 'SHS', 'Shamal Sina'''),
(1026, 63, 'SUH', 'Suhaj'),
(1027, 64, 'AH', 'Ahuachapan'),
(1028, 64, 'CA', 'Cabanas'),
(1029, 64, 'CH', 'Chalatenango'),
(1030, 64, 'CU', 'Cuscatlan'),
(1031, 64, 'LB', 'La Libertad'),
(1032, 64, 'PZ', 'La Paz'),
(1033, 64, 'UN', 'La Union'),
(1034, 64, 'MO', 'Morazan'),
(1035, 64, 'SM', 'San Miguel'),
(1036, 64, 'SS', 'San Salvador'),
(1037, 64, 'SV', 'San Vicente'),
(1038, 64, 'SA', 'Santa Ana'),
(1039, 64, 'SO', 'Sonsonate'),
(1040, 64, 'US', 'Usulutan'),
(1041, 65, 'AN', 'Provincia Annobon'),
(1042, 65, 'BN', 'Provincia Bioko Norte'),
(1043, 65, 'BS', 'Provincia Bioko Sur'),
(1044, 65, 'CS', 'Provincia Centro Sur'),
(1045, 65, 'KN', 'Provincia Kie-Ntem'),
(1046, 65, 'LI', 'Provincia Litoral'),
(1047, 65, 'WN', 'Provincia Wele-Nzas'),
(1048, 66, 'MA', 'Central (Maekel)'),
(1049, 66, 'KE', 'Anseba (Keren)'),
(1050, 66, 'DK', 'Southern Red Sea (Debub-Keih-Bahri)'),
(1051, 66, 'SK', 'Northern Red Sea (Semien-Keih-Bahri)'),
(1052, 66, 'DE', 'Southern (Debub)'),
(1053, 66, 'BR', 'Gash-Barka (Barentu)'),
(1054, 67, 'HA', 'Harjumaa (Tallinn)'),
(1055, 67, 'HI', 'Hiiumaa (Kardla)'),
(1056, 67, 'IV', 'Ida-Virumaa (Johvi)'),
(1057, 67, 'JA', 'Jarvamaa (Paide)'),
(1058, 67, 'JO', 'Jogevamaa (Jogeva)'),
(1059, 67, 'LV', 'Laane-Virumaa (Rakvere)'),
(1060, 67, 'LA', 'Laanemaa (Haapsalu)'),
(1061, 67, 'PA', 'Parnumaa (Parnu)'),
(1062, 67, 'PO', 'Polvamaa (Polva)'),
(1063, 67, 'RA', 'Raplamaa (Rapla)'),
(1064, 67, 'SA', 'Saaremaa (Kuessaare)'),
(1065, 67, 'TA', 'Tartumaa (Tartu)'),
(1066, 67, 'VA', 'Valgamaa (Valga)'),
(1067, 67, 'VI', 'Viljandimaa (Viljandi)'),
(1068, 67, 'VO', 'Vorumaa (Voru)'),
(1069, 68, 'AF', 'Afar'),
(1070, 68, 'AH', 'Amhara'),
(1071, 68, 'BG', 'Benishangul-Gumaz'),
(1072, 68, 'GB', 'Gambela'),
(1073, 68, 'HR', 'Hariai'),
(1074, 68, 'OR', 'Oromia'),
(1075, 68, 'SM', 'Somali'),
(1076, 68, 'SN', 'Southern Nations - Nationalities and Peoples Region'),
(1077, 68, 'TG', 'Tigray'),
(1078, 68, 'AA', 'Addis Ababa'),
(1079, 68, 'DD', 'Dire Dawa'),
(1080, 71, 'C', 'Central Division'),
(1081, 71, 'N', 'Northern Division'),
(1082, 71, 'E', 'Eastern Division'),
(1083, 71, 'W', 'Western Division'),
(1084, 71, 'R', 'Rotuma'),
(1085, 72, 'AL', 'Ahvenanmaan Laani'),
(1086, 72, 'ES', 'Etela-Suomen Laani'),
(1087, 72, 'IS', 'Ita-Suomen Laani'),
(1088, 72, 'LS', 'Lansi-Suomen Laani'),
(1089, 72, 'LA', 'Lapin Lanani'),
(1090, 72, 'OU', 'Oulun Laani'),
(1091, 73, 'AL', 'Alsace'),
(1092, 73, 'AQ', 'Aquitaine'),
(1093, 73, 'AU', 'Auvergne'),
(1094, 73, 'BR', 'Brittany'),
(1095, 73, 'BU', 'Burgundy'),
(1096, 73, 'CE', 'Center Loire Valley'),
(1097, 73, 'CH', 'Champagne'),
(1098, 73, 'CO', 'Corse'),
(1099, 73, 'FR', 'France Comte'),
(1100, 73, 'LA', 'Languedoc Roussillon'),
(1101, 73, 'LI', 'Limousin'),
(1102, 73, 'LO', 'Lorraine'),
(1103, 73, 'MI', 'Midi Pyrenees'),
(1104, 73, 'NO', 'Nord Pas de Calais'),
(1105, 73, 'NR', 'Normandy'),
(1106, 73, 'PA', 'Paris / Ill de France'),
(1107, 73, 'PI', 'Picardie'),
(1108, 73, 'PO', 'Poitou Charente'),
(1109, 73, 'PR', 'Provence'),
(1110, 73, 'RH', 'Rhone Alps'),
(1111, 73, 'RI', 'Riviera'),
(1112, 73, 'WE', 'Western Loire Valley'),
(1113, 74, 'Et', 'Etranger'),
(1114, 74, '1', 'Ain'),
(1115, 74, '2', 'Aisne'),
(1116, 74, '3', 'Allier'),
(1117, 74, '4', 'Alpes de Haute Provence'),
(1118, 74, '5', 'Hautes-Alpes'),
(1119, 74, '6', 'Alpes Maritimes'),
(1120, 74, '7', 'Ard&egrave;che'),
(1121, 74, '8', 'Ardennes'),
(1122, 74, '9', 'Ari&egrave;ge'),
(1123, 74, '10', 'Aube'),
(1124, 74, '11', 'Aude'),
(1125, 74, '12', 'Aveyron'),
(1126, 74, '13', 'Bouches du Rh&ocirc;ne'),
(1127, 74, '14', 'Calvados'),
(1128, 74, '15', 'Cantal'),
(1129, 74, '16', 'Charente'),
(1130, 74, '17', 'Charente Maritime'),
(1131, 74, '18', 'Cher'),
(1132, 74, '19', 'Corr&egrave;ze'),
(1133, 74, '2A', 'Corse du Sud'),
(1134, 74, '2B', 'Haute Corse'),
(1135, 74, '21', 'C&ocirc;te d&#039;or'),
(1136, 74, '22', 'C&ocirc;tes d&#039;Armor'),
(1137, 74, '23', 'Creuse'),
(1138, 74, '24', 'Dordogne'),
(1139, 74, '25', 'Doubs'),
(1140, 74, '26', 'Dr&ocirc;me'),
(1141, 74, '27', 'Eure'),
(1142, 74, '28', 'Eure et Loir'),
(1143, 74, '29', 'Finist&egrave;re'),
(1144, 74, '30', 'Gard'),
(1145, 74, '31', 'Haute Garonne'),
(1146, 74, '32', 'Gers'),
(1147, 74, '33', 'Gironde'),
(1148, 74, '34', 'H&eacute;rault'),
(1149, 74, '35', 'Ille et Vilaine'),
(1150, 74, '36', 'Indre'),
(1151, 74, '37', 'Indre et Loire'),
(1152, 74, '38', 'Is&eacute;re'),
(1153, 74, '39', 'Jura'),
(1154, 74, '40', 'Landes'),
(1155, 74, '41', 'Loir et Cher'),
(1156, 74, '42', 'Loire'),
(1157, 74, '43', 'Haute Loire'),
(1158, 74, '44', 'Loire Atlantique'),
(1159, 74, '45', 'Loiret'),
(1160, 74, '46', 'Lot'),
(1161, 74, '47', 'Lot et Garonne'),
(1162, 74, '48', 'Loz&egrave;re'),
(1163, 74, '49', 'Maine et Loire'),
(1164, 74, '50', 'Manche'),
(1165, 74, '51', 'Marne'),
(1166, 74, '52', 'Haute Marne'),
(1167, 74, '53', 'Mayenne'),
(1168, 74, '54', 'Meurthe et Moselle'),
(1169, 74, '55', 'Meuse'),
(1170, 74, '56', 'Morbihan'),
(1171, 74, '57', 'Moselle'),
(1172, 74, '58', 'Ni&egrave;vre'),
(1173, 74, '59', 'Nord'),
(1174, 74, '60', 'Oise'),
(1175, 74, '61', 'Orne'),
(1176, 74, '62', 'Pas de Calais'),
(1177, 74, '63', 'Puy de D&ocirc;me'),
(1178, 74, '64', 'Pyr&eacute;n&eacute;es Atlantiques'),
(1179, 74, '65', 'Hautes Pyr&eacute;n&eacute;es'),
(1180, 74, '66', 'Pyr&eacute;n&eacute;es Orientales'),
(1181, 74, '67', 'Bas Rhin'),
(1182, 74, '68', 'Haut Rhin'),
(1183, 74, '69', 'Rh&ocirc;ne'),
(1184, 74, '70', 'Haute Sa&ocirc;ne'),
(1185, 74, '71', 'Sa&ocirc;ne et Loire'),
(1186, 74, '72', 'Sarthe'),
(1187, 74, '73', 'Savoie'),
(1188, 74, '74', 'Haute Savoie'),
(1189, 74, '75', 'Paris'),
(1190, 74, '76', 'Seine Maritime'),
(1191, 74, '77', 'Seine et Marne'),
(1192, 74, '78', 'Yvelines'),
(1193, 74, '79', 'Deux S&egrave;vres'),
(1194, 74, '80', 'Somme'),
(1195, 74, '81', 'Tarn'),
(1196, 74, '82', 'Tarn et Garonne'),
(1197, 74, '83', 'Var'),
(1198, 74, '84', 'Vaucluse'),
(1199, 74, '85', 'Vend&eacute;e'),
(1200, 74, '86', 'Vienne'),
(1201, 74, '87', 'Haute Vienne'),
(1202, 74, '88', 'Vosges'),
(1203, 74, '89', 'Yonne'),
(1204, 74, '90', 'Territoire de Belfort'),
(1205, 74, '91', 'Essonne'),
(1206, 74, '92', 'Hauts de Seine'),
(1207, 74, '93', 'Seine St-Denis'),
(1208, 74, '94', 'Val de Marne'),
(1209, 74, '95', 'Val d''Oise'),
(1210, 76, 'M', 'Archipel des Marquises'),
(1211, 76, 'T', 'Archipel des Tuamotu'),
(1212, 76, 'I', 'Archipel des Tubuai'),
(1213, 76, 'V', 'Iles du Vent'),
(1214, 76, 'S', 'Iles Sous-le-Vent'),
(1215, 77, 'C', 'Iles Crozet'),
(1216, 77, 'K', 'Iles Kerguelen'),
(1217, 77, 'A', 'Ile Amsterdam'),
(1218, 77, 'P', 'Ile Saint-Paul'),
(1219, 77, 'D', 'Adelie Land'),
(1220, 78, 'ES', 'Estuaire'),
(1221, 78, 'HO', 'Haut-Ogooue'),
(1222, 78, 'MO', 'Moyen-Ogooue'),
(1223, 78, 'NG', 'Ngounie'),
(1224, 78, 'NY', 'Nyanga'),
(1225, 78, 'OI', 'Ogooue-Ivindo'),
(1226, 78, 'OL', 'Ogooue-Lolo'),
(1227, 78, 'OM', 'Ogooue-Maritime'),
(1228, 78, 'WN', 'Woleu-Ntem'),
(1229, 79, 'BJ', 'Banjul'),
(1230, 79, 'BS', 'Basse'),
(1231, 79, 'BR', 'Brikama'),
(1232, 79, 'JA', 'Janjangbure'),
(1233, 79, 'KA', 'Kanifeng'),
(1234, 79, 'KE', 'Kerewan'),
(1235, 79, 'KU', 'Kuntaur'),
(1236, 79, 'MA', 'Mansakonko'),
(1237, 79, 'LR', 'Lower River'),
(1238, 79, 'CR', 'Central River'),
(1239, 79, 'NB', 'North Bank'),
(1240, 79, 'UR', 'Upper River'),
(1241, 79, 'WE', 'Western'),
(1242, 80, 'AB', 'Abkhazia'),
(1243, 80, 'AJ', 'Ajaria'),
(1244, 80, 'TB', 'Tbilisi'),
(1245, 80, 'GU', 'Guria'),
(1246, 80, 'IM', 'Imereti'),
(1247, 80, 'KA', 'Kakheti'),
(1248, 80, 'KK', 'Kvemo Kartli'),
(1249, 80, 'MM', 'Mtskheta-Mtianeti'),
(1250, 80, 'RL', 'Racha Lechkhumi and Kvemo Svanet'),
(1251, 80, 'SZ', 'Samegrelo-Zemo Svaneti'),
(1252, 80, 'SJ', 'Samtskhe-Javakheti'),
(1253, 80, 'SK', 'Shida Kartli'),
(1254, 81, 'BAW', 'Baden-W&uuml;rttemberg'),
(1255, 81, 'BAY', 'Bayern'),
(1256, 81, 'BER', 'Berlin'),
(1257, 81, 'BRG', 'Brandenburg'),
(1258, 81, 'BRE', 'Bremen'),
(1259, 81, 'HAM', 'Hamburg'),
(1260, 81, 'HES', 'Hessen'),
(1261, 81, 'MEC', 'Mecklenburg-Vorpommern'),
(1262, 81, 'NDS', 'Niedersachsen'),
(1263, 81, 'NRW', 'Nordrhein-Westfalen'),
(1264, 81, 'RHE', 'Rheinland-Pfalz'),
(1265, 81, 'SAR', 'Saarland'),
(1266, 81, 'SAS', 'Sachsen'),
(1267, 81, 'SAC', 'Sachsen-Anhalt'),
(1268, 81, 'SCN', 'Schleswig-Holstein'),
(1269, 81, 'THE', 'Th&uuml;ringen'),
(1270, 82, 'AS', 'Ashanti Region'),
(1271, 82, 'BA', 'Brong-Ahafo Region'),
(1272, 82, 'CE', 'Central Region'),
(1273, 82, 'EA', 'Eastern Region'),
(1274, 82, 'GA', 'Greater Accra Region'),
(1275, 82, 'NO', 'Northern Region'),
(1276, 82, 'UE', 'Upper East Region'),
(1277, 82, 'UW', 'Upper West Region'),
(1278, 82, 'VO', 'Volta Region'),
(1279, 82, 'WE', 'Western Region'),
(1280, 84, 'AT', 'Attica'),
(1281, 84, 'CN', 'Central Greece'),
(1282, 84, 'CM', 'Central Macedonia'),
(1283, 84, 'CR', 'Crete'),
(1284, 84, 'EM', 'East Macedonia and Thrace'),
(1285, 84, 'EP', 'Epirus'),
(1286, 84, 'II', 'Ionian Islands'),
(1287, 84, 'NA', 'North Aegean'),
(1288, 84, 'PP', 'Peloponnesos'),
(1289, 84, 'SA', 'South Aegean'),
(1290, 84, 'TH', 'Thessaly'),
(1291, 84, 'WG', 'West Greece'),
(1292, 84, 'WM', 'West Macedonia'),
(1293, 85, 'A', 'Avannaa'),
(1294, 85, 'T', 'Tunu'),
(1295, 85, 'K', 'Kitaa'),
(1296, 86, 'A', 'Saint Andrew'),
(1297, 86, 'D', 'Saint David'),
(1298, 86, 'G', 'Saint George'),
(1299, 86, 'J', 'Saint John'),
(1300, 86, 'M', 'Saint Mark'),
(1301, 86, 'P', 'Saint Patrick'),
(1302, 86, 'C', 'Carriacou'),
(1303, 86, 'Q', 'Petit Martinique'),
(1304, 89, 'AV', 'Alta Verapaz'),
(1305, 89, 'BV', 'Baja Verapaz'),
(1306, 89, 'CM', 'Chimaltenango'),
(1307, 89, 'CQ', 'Chiquimula'),
(1308, 89, 'PE', 'El Peten'),
(1309, 89, 'PR', 'El Progreso'),
(1310, 89, 'QC', 'El Quiche'),
(1311, 89, 'ES', 'Escuintla'),
(1312, 89, 'GU', 'Guatemala'),
(1313, 89, 'HU', 'Huehuetenango'),
(1314, 89, 'IZ', 'Izabal'),
(1315, 89, 'JA', 'Jalapa'),
(1316, 89, 'JU', 'Jutiapa'),
(1317, 89, 'QZ', 'Quetzaltenango'),
(1318, 89, 'RE', 'Retalhuleu'),
(1319, 89, 'ST', 'Sacatepequez'),
(1320, 89, 'SM', 'San Marcos'),
(1321, 89, 'SR', 'Santa Rosa'),
(1322, 89, 'SO', 'Solola'),
(1323, 89, 'SU', 'Suchitepequez'),
(1324, 89, 'TO', 'Totonicapan'),
(1325, 89, 'ZA', 'Zacapa'),
(1326, 90, 'CNK', 'Conakry'),
(1327, 90, 'BYL', 'Beyla'),
(1328, 90, 'BFA', 'Boffa'),
(1329, 90, 'BOK', 'Boke'),
(1330, 90, 'COY', 'Coyah'),
(1331, 90, 'DBL', 'Dabola'),
(1332, 90, 'DLB', 'Dalaba'),
(1333, 90, 'DGR', 'Dinguiraye'),
(1334, 90, 'DBR', 'Dubreka'),
(1335, 90, 'FRN', 'Faranah'),
(1336, 90, 'FRC', 'Forecariah'),
(1337, 90, 'FRI', 'Fria'),
(1338, 90, 'GAO', 'Gaoual'),
(1339, 90, 'GCD', 'Gueckedou'),
(1340, 90, 'KNK', 'Kankan'),
(1341, 90, 'KRN', 'Kerouane'),
(1342, 90, 'KND', 'Kindia'),
(1343, 90, 'KSD', 'Kissidougou'),
(1344, 90, 'KBA', 'Koubia'),
(1345, 90, 'KDA', 'Koundara'),
(1346, 90, 'KRA', 'Kouroussa'),
(1347, 90, 'LAB', 'Labe'),
(1348, 90, 'LLM', 'Lelouma'),
(1349, 90, 'LOL', 'Lola'),
(1350, 90, 'MCT', 'Macenta'),
(1351, 90, 'MAL', 'Mali'),
(1352, 90, 'MAM', 'Mamou'),
(1353, 90, 'MAN', 'Mandiana'),
(1354, 90, 'NZR', 'Nzerekore'),
(1355, 90, 'PIT', 'Pita'),
(1356, 90, 'SIG', 'Siguiri'),
(1357, 90, 'TLM', 'Telimele'),
(1358, 90, 'TOG', 'Tougue'),
(1359, 90, 'YOM', 'Yomou'),
(1360, 91, 'BF', 'Bafata Region'),
(1361, 91, 'BB', 'Biombo Region'),
(1362, 91, 'BS', 'Bissau Region'),
(1363, 91, 'BL', 'Bolama Region'),
(1364, 91, 'CA', 'Cacheu Region'),
(1365, 91, 'GA', 'Gabu Region'),
(1366, 91, 'OI', 'Oio Region'),
(1367, 91, 'QU', 'Quinara Region'),
(1368, 91, 'TO', 'Tombali Region'),
(1369, 92, 'BW', 'Barima-Waini'),
(1370, 92, 'CM', 'Cuyuni-Mazaruni'),
(1371, 92, 'DM', 'Demerara-Mahaica'),
(1372, 92, 'EC', 'East Berbice-Corentyne'),
(1373, 92, 'EW', 'Essequibo Islands-West Demerara'),
(1374, 92, 'MB', 'Mahaica-Berbice'),
(1375, 92, 'PM', 'Pomeroon-Supenaam'),
(1376, 92, 'PI', 'Potaro-Siparuni'),
(1377, 92, 'UD', 'Upper Demerara-Berbice'),
(1378, 92, 'UT', 'Upper Takutu-Upper Essequibo'),
(1379, 93, 'AR', 'Artibonite'),
(1380, 93, 'CE', 'Centre'),
(1381, 93, 'GA', 'Grand''Anse'),
(1382, 93, 'ND', 'Nord'),
(1383, 93, 'NE', 'Nord-Est'),
(1384, 93, 'NO', 'Nord-Ouest'),
(1385, 93, 'OU', 'Ouest'),
(1386, 93, 'SD', 'Sud'),
(1387, 93, 'SE', 'Sud-Est'),
(1388, 94, 'F', 'Flat Island'),
(1389, 94, 'M', 'McDonald Island'),
(1390, 94, 'S', 'Shag Island'),
(1391, 94, 'H', 'Heard Island'),
(1392, 95, 'AT', 'Atlantida'),
(1393, 95, 'CH', 'Choluteca'),
(1394, 95, 'CL', 'Colon'),
(1395, 95, 'CM', 'Comayagua'),
(1396, 95, 'CP', 'Copan'),
(1397, 95, 'CR', 'Cortes'),
(1398, 95, 'PA', 'El Paraiso'),
(1399, 95, 'FM', 'Francisco Morazan'),
(1400, 95, 'GD', 'Gracias a Dios'),
(1401, 95, 'IN', 'Intibuca'),
(1402, 95, 'IB', 'Islas de la Bahia (Bay Islands)'),
(1403, 95, 'PZ', 'La Paz'),
(1404, 95, 'LE', 'Lempira'),
(1405, 95, 'OC', 'Ocotepeque'),
(1406, 95, 'OL', 'Olancho'),
(1407, 95, 'SB', 'Santa Barbara'),
(1408, 95, 'VA', 'Valle'),
(1409, 95, 'YO', 'Yoro'),
(1410, 96, 'HCW', 'Central and Western Hong Kong Island'),
(1411, 96, 'HEA', 'Eastern Hong Kong Island'),
(1412, 96, 'HSO', 'Southern Hong Kong Island'),
(1413, 96, 'HWC', 'Wan Chai Hong Kong Island'),
(1414, 96, 'KKC', 'Kowloon City Kowloon'),
(1415, 96, 'KKT', 'Kwun Tong Kowloon'),
(1416, 96, 'KSS', 'Sham Shui Po Kowloon'),
(1417, 96, 'KWT', 'Wong Tai Sin Kowloon'),
(1418, 96, 'KYT', 'Yau Tsim Mong Kowloon'),
(1419, 96, 'NIS', 'Islands New Territories'),
(1420, 96, 'NKT', 'Kwai Tsing New Territories'),
(1421, 96, 'NNO', 'North New Territories'),
(1422, 96, 'NSK', 'Sai Kung New Territories'),
(1423, 96, 'NST', 'Sha Tin New Territories'),
(1424, 96, 'NTP', 'Tai Po New Territories'),
(1425, 96, 'NTW', 'Tsuen Wan New Territories'),
(1426, 96, 'NTM', 'Tuen Mun New Territories'),
(1427, 96, 'NYL', 'Yuen Long New Territories'),
(1428, 97, 'BK', 'Bacs-Kiskun'),
(1429, 97, 'BA', 'Baranya'),
(1430, 97, 'BE', 'Bekes'),
(1431, 97, 'BS', 'Bekescsaba'),
(1432, 97, 'BZ', 'Borsod-Abauj-Zemplen'),
(1433, 97, 'BU', 'Budapest'),
(1434, 97, 'CS', 'Csongrad'),
(1435, 97, 'DE', 'Debrecen'),
(1436, 97, 'DU', 'Dunaujvaros'),
(1437, 97, 'EG', 'Eger'),
(1438, 97, 'FE', 'Fejer'),
(1439, 97, 'GY', 'Gyor'),
(1440, 97, 'GM', 'Gyor-Moson-Sopron'),
(1441, 97, 'HB', 'Hajdu-Bihar'),
(1442, 97, 'HE', 'Heves'),
(1443, 97, 'HO', 'Hodmezovasarhely'),
(1444, 97, 'JN', 'Jasz-Nagykun-Szolnok'),
(1445, 97, 'KA', 'Kaposvar'),
(1446, 97, 'KE', 'Kecskemet'),
(1447, 97, 'KO', 'Komarom-Esztergom'),
(1448, 97, 'MI', 'Miskolc'),
(1449, 97, 'NA', 'Nagykanizsa'),
(1450, 97, 'NO', 'Nograd'),
(1451, 97, 'NY', 'Nyiregyhaza'),
(1452, 97, 'PE', 'Pecs'),
(1453, 97, 'PS', 'Pest'),
(1454, 97, 'SO', 'Somogy'),
(1455, 97, 'SP', 'Sopron'),
(1456, 97, 'SS', 'Szabolcs-Szatmar-Bereg'),
(1457, 97, 'SZ', 'Szeged'),
(1458, 97, 'SE', 'Szekesfehervar'),
(1459, 97, 'SL', 'Szolnok'),
(1460, 97, 'SM', 'Szombathely'),
(1461, 97, 'TA', 'Tatabanya'),
(1462, 97, 'TO', 'Tolna'),
(1463, 97, 'VA', 'Vas'),
(1464, 97, 'VE', 'Veszprem'),
(1465, 97, 'ZA', 'Zala'),
(1466, 97, 'ZZ', 'Zalaegerszeg'),
(1467, 98, 'AL', 'Austurland'),
(1468, 98, 'HF', 'Hofuoborgarsvaeoi'),
(1469, 98, 'NE', 'Norourland eystra'),
(1470, 98, 'NV', 'Norourland vestra'),
(1471, 98, 'SL', 'Suourland'),
(1472, 98, 'SN', 'Suournes'),
(1473, 98, 'VF', 'Vestfiroir'),
(1474, 98, 'VL', 'Vesturland'),
(1475, 99, 'AN', 'Andaman and Nicobar Islands'),
(1476, 99, 'AP', 'Andhra Pradesh'),
(1477, 99, 'AR', 'Arunachal Pradesh'),
(1478, 99, 'AS', 'Assam'),
(1479, 99, 'BI', 'Bihar'),
(1480, 99, 'CH', 'Chandigarh'),
(1481, 99, 'DA', 'Dadra and Nagar Haveli'),
(1482, 99, 'DM', 'Daman and Diu'),
(1483, 99, 'DE', 'Delhi'),
(1484, 99, 'GO', 'Goa'),
(1485, 99, 'GU', 'Gujarat'),
(1486, 99, 'HA', 'Haryana'),
(1487, 99, 'HP', 'Himachal Pradesh'),
(1488, 99, 'JA', 'Jammu and Kashmir'),
(1489, 99, 'KA', 'Karnataka'),
(1490, 99, 'KE', 'Kerala'),
(1491, 99, 'LI', 'Lakshadweep Islands'),
(1492, 99, 'MP', 'Madhya Pradesh'),
(1493, 99, 'MA', 'Maharashtra'),
(1494, 99, 'MN', 'Manipur'),
(1495, 99, 'ME', 'Meghalaya'),
(1496, 99, 'MI', 'Mizoram'),
(1497, 99, 'NA', 'Nagaland'),
(1498, 99, 'OR', 'Orissa'),
(1499, 99, 'PO', 'Pondicherry'),
(1500, 99, 'PU', 'Punjab'),
(1501, 99, 'RA', 'Rajasthan'),
(1502, 99, 'SI', 'Sikkim'),
(1503, 99, 'TN', 'Tamil Nadu'),
(1504, 99, 'TR', 'Tripura'),
(1505, 99, 'UP', 'Uttar Pradesh'),
(1506, 99, 'WB', 'West Bengal'),
(1507, 100, 'AC', 'Aceh'),
(1508, 100, 'BA', 'Bali'),
(1509, 100, 'BT', 'Banten'),
(1510, 100, 'BE', 'Bengkulu'),
(1511, 100, 'BD', 'BoDeTaBek'),
(1512, 100, 'GO', 'Gorontalo'),
(1513, 100, 'JK', 'Jakarta Raya'),
(1514, 100, 'JA', 'Jambi'),
(1515, 100, 'JB', 'Jawa Barat'),
(1516, 100, 'JT', 'Jawa Tengah'),
(1517, 100, 'JI', 'Jawa Timur'),
(1518, 100, 'KB', 'Kalimantan Barat'),
(1519, 100, 'KS', 'Kalimantan Selatan'),
(1520, 100, 'KT', 'Kalimantan Tengah'),
(1521, 100, 'KI', 'Kalimantan Timur'),
(1522, 100, 'BB', 'Kepulauan Bangka Belitung'),
(1523, 100, 'LA', 'Lampung'),
(1524, 100, 'MA', 'Maluku'),
(1525, 100, 'MU', 'Maluku Utara'),
(1526, 100, 'NB', 'Nusa Tenggara Barat'),
(1527, 100, 'NT', 'Nusa Tenggara Timur'),
(1528, 100, 'PA', 'Papua'),
(1529, 100, 'RI', 'Riau'),
(1530, 100, 'SN', 'Sulawesi Selatan'),
(1531, 100, 'ST', 'Sulawesi Tengah'),
(1532, 100, 'SG', 'Sulawesi Tenggara'),
(1533, 100, 'SA', 'Sulawesi Utara'),
(1534, 100, 'SB', 'Sumatera Barat'),
(1535, 100, 'SS', 'Sumatera Selatan'),
(1536, 100, 'SU', 'Sumatera Utara'),
(1537, 100, 'YO', 'Yogyakarta'),
(1538, 101, 'TEH', 'Tehran'),
(1539, 101, 'QOM', 'Qom'),
(1540, 101, 'MKZ', 'Markazi'),
(1541, 101, 'QAZ', 'Qazvin'),
(1542, 101, 'GIL', 'Gilan'),
(1543, 101, 'ARD', 'Ardabil'),
(1544, 101, 'ZAN', 'Zanjan'),
(1545, 101, 'EAZ', 'East Azarbaijan'),
(1546, 101, 'WEZ', 'West Azarbaijan'),
(1547, 101, 'KRD', 'Kurdistan'),
(1548, 101, 'HMD', 'Hamadan'),
(1549, 101, 'KRM', 'Kermanshah'),
(1550, 101, 'ILM', 'Ilam'),
(1551, 101, 'LRS', 'Lorestan'),
(1552, 101, 'KZT', 'Khuzestan'),
(1553, 101, 'CMB', 'Chahar Mahaal and Bakhtiari'),
(1554, 101, 'KBA', 'Kohkiluyeh and Buyer Ahmad'),
(1555, 101, 'BSH', 'Bushehr'),
(1556, 101, 'FAR', 'Fars'),
(1557, 101, 'HRM', 'Hormozgan'),
(1558, 101, 'SBL', 'Sistan and Baluchistan'),
(1559, 101, 'KRB', 'Kerman'),
(1560, 101, 'YZD', 'Yazd'),
(1561, 101, 'EFH', 'Esfahan'),
(1562, 101, 'SMN', 'Semnan'),
(1563, 101, 'MZD', 'Mazandaran'),
(1564, 101, 'GLS', 'Golestan'),
(1565, 101, 'NKH', 'North Khorasan'),
(1566, 101, 'RKH', 'Razavi Khorasan'),
(1567, 101, 'SKH', 'South Khorasan'),
(1568, 102, 'BD', 'Baghdad'),
(1569, 102, 'SD', 'Salah ad Din'),
(1570, 102, 'DY', 'Diyala'),
(1571, 102, 'WS', 'Wasit'),
(1572, 102, 'MY', 'Maysan'),
(1573, 102, 'BA', 'Al Basrah'),
(1574, 102, 'DQ', 'Dhi Qar'),
(1575, 102, 'MU', 'Al Muthanna'),
(1576, 102, 'QA', 'Al Qadisyah'),
(1577, 102, 'BB', 'Babil'),
(1578, 102, 'KB', 'Al Karbala'),
(1579, 102, 'NJ', 'An Najaf'),
(1580, 102, 'AB', 'Al Anbar'),
(1581, 102, 'NN', 'Ninawa'),
(1582, 102, 'DH', 'Dahuk'),
(1583, 102, 'AL', 'Arbil'),
(1584, 102, 'TM', 'At Ta''mim'),
(1585, 102, 'SL', 'As Sulaymaniyah'),
(1586, 103, 'CA', 'Carlow'),
(1587, 103, 'CV', 'Cavan'),
(1588, 103, 'CL', 'Clare'),
(1589, 103, 'CO', 'Cork'),
(1590, 103, 'DO', 'Donegal'),
(1591, 103, 'DU', 'Dublin'),
(1592, 103, 'GA', 'Galway'),
(1593, 103, 'KE', 'Kerry'),
(1594, 103, 'KI', 'Kildare'),
(1595, 103, 'KL', 'Kilkenny'),
(1596, 103, 'LA', 'Laois'),
(1597, 103, 'LE', 'Leitrim'),
(1598, 103, 'LI', 'Limerick'),
(1599, 103, 'LO', 'Longford'),
(1600, 103, 'LU', 'Louth'),
(1601, 103, 'MA', 'Mayo'),
(1602, 103, 'ME', 'Meath'),
(1603, 103, 'MO', 'Monaghan'),
(1604, 103, 'OF', 'Offaly'),
(1605, 103, 'RO', 'Roscommon'),
(1606, 103, 'SL', 'Sligo'),
(1607, 103, 'TI', 'Tipperary'),
(1608, 103, 'WA', 'Waterford'),
(1609, 103, 'WE', 'Westmeath'),
(1610, 103, 'WX', 'Wexford'),
(1611, 103, 'WI', 'Wicklow'),
(1612, 104, 'BS', 'Be''er Sheva'),
(1613, 104, 'BH', 'Bika''at Hayarden'),
(1614, 104, 'EA', 'Eilat and Arava'),
(1615, 104, 'GA', 'Galil'),
(1616, 104, 'HA', 'Haifa'),
(1617, 104, 'JM', 'Jehuda Mountains'),
(1618, 104, 'JE', 'Jerusalem'),
(1619, 104, 'NE', 'Negev'),
(1620, 104, 'SE', 'Semaria'),
(1621, 104, 'SH', 'Sharon'),
(1622, 104, 'TA', 'Tel Aviv (Gosh Dan)'),
(1623, 105, 'CL', 'Caltanissetta'),
(1624, 105, 'AG', 'Agrigento'),
(1625, 105, 'AL', 'Alessandria'),
(1626, 105, 'AN', 'Ancona'),
(1627, 105, 'AO', 'Aosta'),
(1628, 105, 'AR', 'Arezzo'),
(1629, 105, 'AP', 'Ascoli Piceno'),
(1630, 105, 'AT', 'Asti'),
(1631, 105, 'AV', 'Avellino'),
(1632, 105, 'BA', 'Bari'),
(1633, 105, 'BL', 'Belluno'),
(1634, 105, 'BN', 'Benevento'),
(1635, 105, 'BG', 'Bergamo'),
(1636, 105, 'BI', 'Biella'),
(1637, 105, 'BO', 'Bologna'),
(1638, 105, 'BZ', 'Bolzano'),
(1639, 105, 'BS', 'Brescia'),
(1640, 105, 'BR', 'Brindisi'),
(1641, 105, 'CA', 'Cagliari'),
(1642, 106, 'CLA', 'Clarendon Parish'),
(1643, 106, 'HAN', 'Hanover Parish'),
(1644, 106, 'KIN', 'Kingston Parish'),
(1645, 106, 'MAN', 'Manchester Parish'),
(1646, 106, 'POR', 'Portland Parish'),
(1647, 106, 'AND', 'Saint Andrew Parish'),
(1648, 106, 'ANN', 'Saint Ann Parish'),
(1649, 106, 'CAT', 'Saint Catherine Parish'),
(1650, 106, 'ELI', 'Saint Elizabeth Parish'),
(1651, 106, 'JAM', 'Saint James Parish'),
(1652, 106, 'MAR', 'Saint Mary Parish'),
(1653, 106, 'THO', 'Saint Thomas Parish'),
(1654, 106, 'TRL', 'Trelawny Parish'),
(1655, 106, 'WML', 'Westmoreland Parish'),
(1656, 107, 'AI', 'Aichi'),
(1657, 107, 'AK', 'Akita'),
(1658, 107, 'AO', 'Aomori'),
(1659, 107, 'CH', 'Chiba'),
(1660, 107, 'EH', 'Ehime'),
(1661, 107, 'FK', 'Fukui'),
(1662, 107, 'FU', 'Fukuoka'),
(1663, 107, 'FS', 'Fukushima'),
(1664, 107, 'GI', 'Gifu'),
(1665, 107, 'GU', 'Gumma'),
(1666, 107, 'HI', 'Hiroshima'),
(1667, 107, 'HO', 'Hokkaido'),
(1668, 107, 'HY', 'Hyogo'),
(1669, 107, 'IB', 'Ibaraki'),
(1670, 107, 'IS', 'Ishikawa'),
(1671, 107, 'IW', 'Iwate'),
(1672, 107, 'KA', 'Kagawa'),
(1673, 107, 'KG', 'Kagoshima'),
(1674, 107, 'KN', 'Kanagawa'),
(1675, 107, 'KO', 'Kochi'),
(1676, 107, 'KU', 'Kumamoto'),
(1677, 107, 'KY', 'Kyoto'),
(1678, 107, 'MI', 'Mie'),
(1679, 107, 'MY', 'Miyagi'),
(1680, 107, 'MZ', 'Miyazaki'),
(1681, 107, 'NA', 'Nagano'),
(1682, 107, 'NG', 'Nagasaki'),
(1683, 107, 'NR', 'Nara'),
(1684, 107, 'NI', 'Niigata'),
(1685, 107, 'OI', 'Oita'),
(1686, 107, 'OK', 'Okayama'),
(1687, 107, 'ON', 'Okinawa'),
(1688, 107, 'OS', 'Osaka'),
(1689, 107, 'SA', 'Saga'),
(1690, 107, 'SI', 'Saitama'),
(1691, 107, 'SH', 'Shiga');
INSERT INTO `zone` (`zone_id`, `country_id`, `code`, `name`) VALUES
(1692, 107, 'SM', 'Shimane'),
(1693, 107, 'SZ', 'Shizuoka'),
(1694, 107, 'TO', 'Tochigi'),
(1695, 107, 'TS', 'Tokushima'),
(1696, 107, 'TK', 'Tokyo'),
(1697, 107, 'TT', 'Tottori'),
(1698, 107, 'TY', 'Toyama'),
(1699, 107, 'WA', 'Wakayama'),
(1700, 107, 'YA', 'Yamagata'),
(1701, 107, 'YM', 'Yamaguchi'),
(1702, 107, 'YN', 'Yamanashi'),
(1703, 108, 'AM', '''Amman'),
(1704, 108, 'AJ', 'Ajlun'),
(1705, 108, 'AA', 'Al ''Aqabah'),
(1706, 108, 'AB', 'Al Balqa'''),
(1707, 108, 'AK', 'Al Karak'),
(1708, 108, 'AL', 'Al Mafraq'),
(1709, 108, 'AT', 'At Tafilah'),
(1710, 108, 'AZ', 'Az Zarqa'''),
(1711, 108, 'IR', 'Irbid'),
(1712, 108, 'JA', 'Jarash'),
(1713, 108, 'MA', 'Ma''an'),
(1714, 108, 'MD', 'Madaba'),
(1715, 109, 'AL', 'Almaty'),
(1716, 109, 'AC', 'Almaty City'),
(1717, 109, 'AM', 'Aqmola'),
(1718, 109, 'AQ', 'Aqtobe'),
(1719, 109, 'AS', 'Astana City'),
(1720, 109, 'AT', 'Atyrau'),
(1721, 109, 'BA', 'Batys Qazaqstan'),
(1722, 109, 'BY', 'Bayqongyr City'),
(1723, 109, 'MA', 'Mangghystau'),
(1724, 109, 'ON', 'Ongtustik Qazaqstan'),
(1725, 109, 'PA', 'Pavlodar'),
(1726, 109, 'QA', 'Qaraghandy'),
(1727, 109, 'QO', 'Qostanay'),
(1728, 109, 'QY', 'Qyzylorda'),
(1729, 109, 'SH', 'Shyghys Qazaqstan'),
(1730, 109, 'SO', 'Soltustik Qazaqstan'),
(1731, 109, 'ZH', 'Zhambyl'),
(1732, 110, 'CE', 'Central'),
(1733, 110, 'CO', 'Coast'),
(1734, 110, 'EA', 'Eastern'),
(1735, 110, 'NA', 'Nairobi Area'),
(1736, 110, 'NE', 'North Eastern'),
(1737, 110, 'NY', 'Nyanza'),
(1738, 110, 'RV', 'Rift Valley'),
(1739, 110, 'WE', 'Western'),
(1740, 111, 'AG', 'Abaiang'),
(1741, 111, 'AM', 'Abemama'),
(1742, 111, 'AK', 'Aranuka'),
(1743, 111, 'AO', 'Arorae'),
(1744, 111, 'BA', 'Banaba'),
(1745, 111, 'BE', 'Beru'),
(1746, 111, 'bT', 'Butaritari'),
(1747, 111, 'KA', 'Kanton'),
(1748, 111, 'KR', 'Kiritimati'),
(1749, 111, 'KU', 'Kuria'),
(1750, 111, 'MI', 'Maiana'),
(1751, 111, 'MN', 'Makin'),
(1752, 111, 'ME', 'Marakei'),
(1753, 111, 'NI', 'Nikunau'),
(1754, 111, 'NO', 'Nonouti'),
(1755, 111, 'ON', 'Onotoa'),
(1756, 111, 'TT', 'Tabiteuea'),
(1757, 111, 'TR', 'Tabuaeran'),
(1758, 111, 'TM', 'Tamana'),
(1759, 111, 'TW', 'Tarawa'),
(1760, 111, 'TE', 'Teraina'),
(1761, 112, 'CHA', 'Chagang-do'),
(1762, 112, 'HAB', 'Hamgyong-bukto'),
(1763, 112, 'HAN', 'Hamgyong-namdo'),
(1764, 112, 'HWB', 'Hwanghae-bukto'),
(1765, 112, 'HWN', 'Hwanghae-namdo'),
(1766, 112, 'KAN', 'Kangwon-do'),
(1767, 112, 'PYB', 'P''yongan-bukto'),
(1768, 112, 'PYN', 'P''yongan-namdo'),
(1769, 112, 'YAN', 'Ryanggang-do (Yanggang-do)'),
(1770, 112, 'NAJ', 'Rason Directly Governed City'),
(1771, 112, 'PYO', 'P''yongyang Special City'),
(1772, 113, 'CO', 'Ch''ungch''ong-bukto'),
(1773, 113, 'CH', 'Ch''ungch''ong-namdo'),
(1774, 113, 'CD', 'Cheju-do'),
(1775, 113, 'CB', 'Cholla-bukto'),
(1776, 113, 'CN', 'Cholla-namdo'),
(1777, 113, 'IG', 'Inch''on-gwangyoksi'),
(1778, 113, 'KA', 'Kangwon-do'),
(1779, 113, 'KG', 'Kwangju-gwangyoksi'),
(1780, 113, 'KD', 'Kyonggi-do'),
(1781, 113, 'KB', 'Kyongsang-bukto'),
(1782, 113, 'KN', 'Kyongsang-namdo'),
(1783, 113, 'PG', 'Pusan-gwangyoksi'),
(1784, 113, 'SO', 'Soul-t''ukpyolsi'),
(1785, 113, 'TA', 'Taegu-gwangyoksi'),
(1786, 113, 'TG', 'Taejon-gwangyoksi'),
(1787, 114, 'AL', 'Al ''Asimah'),
(1788, 114, 'AA', 'Al Ahmadi'),
(1789, 114, 'AF', 'Al Farwaniyah'),
(1790, 114, 'AJ', 'Al Jahra'''),
(1791, 114, 'HA', 'Hawalli'),
(1792, 115, 'GB', 'Bishkek'),
(1793, 115, 'B', 'Batken'),
(1794, 115, 'C', 'Chu'),
(1795, 115, 'J', 'Jalal-Abad'),
(1796, 115, 'N', 'Naryn'),
(1797, 115, 'O', 'Osh'),
(1798, 115, 'T', 'Talas'),
(1799, 115, 'Y', 'Ysyk-Kol'),
(1800, 116, 'VT', 'Vientiane'),
(1801, 116, 'AT', 'Attapu'),
(1802, 116, 'BK', 'Bokeo'),
(1803, 116, 'BL', 'Bolikhamxai'),
(1804, 116, 'CH', 'Champasak'),
(1805, 116, 'HO', 'Houaphan'),
(1806, 116, 'KH', 'Khammouan'),
(1807, 116, 'LM', 'Louang Namtha'),
(1808, 116, 'LP', 'Louangphabang'),
(1809, 116, 'OU', 'Oudomxai'),
(1810, 116, 'PH', 'Phongsali'),
(1811, 116, 'SL', 'Salavan'),
(1812, 116, 'SV', 'Savannakhet'),
(1813, 116, 'VI', 'Vientiane'),
(1814, 116, 'XA', 'Xaignabouli'),
(1815, 116, 'XE', 'Xekong'),
(1816, 116, 'XI', 'Xiangkhoang'),
(1817, 116, 'XN', 'Xaisomboun'),
(1818, 117, 'AIZ', 'Aizkraukles Rajons'),
(1819, 117, 'ALU', 'Aluksnes Rajons'),
(1820, 117, 'BAL', 'Balvu Rajons'),
(1821, 117, 'BAU', 'Bauskas Rajons'),
(1822, 117, 'CES', 'Cesu Rajons'),
(1823, 117, 'DGR', 'Daugavpils Rajons'),
(1824, 117, 'DOB', 'Dobeles Rajons'),
(1825, 117, 'GUL', 'Gulbenes Rajons'),
(1826, 117, 'JEK', 'Jekabpils Rajons'),
(1827, 117, 'JGR', 'Jelgavas Rajons'),
(1828, 117, 'KRA', 'Kraslavas Rajons'),
(1829, 117, 'KUL', 'Kuldigas Rajons'),
(1830, 117, 'LPR', 'Liepajas Rajons'),
(1831, 117, 'LIM', 'Limbazu Rajons'),
(1832, 117, 'LUD', 'Ludzas Rajons'),
(1833, 117, 'MAD', 'Madonas Rajons'),
(1834, 117, 'OGR', 'Ogres Rajons'),
(1835, 117, 'PRE', 'Preilu Rajons'),
(1836, 117, 'RZR', 'Rezeknes Rajons'),
(1837, 117, 'RGR', 'Rigas Rajons'),
(1838, 117, 'SAL', 'Saldus Rajons'),
(1839, 117, 'TAL', 'Talsu Rajons'),
(1840, 117, 'TUK', 'Tukuma Rajons'),
(1841, 117, 'VLK', 'Valkas Rajons'),
(1842, 117, 'VLM', 'Valmieras Rajons'),
(1843, 117, 'VSR', 'Ventspils Rajons'),
(1844, 117, 'DGV', 'Daugavpils'),
(1845, 117, 'JGV', 'Jelgava'),
(1846, 117, 'JUR', 'Jurmala'),
(1847, 117, 'LPK', 'Liepaja'),
(1848, 117, 'RZK', 'Rezekne'),
(1849, 117, 'RGA', 'Riga'),
(1850, 117, 'VSL', 'Ventspils'),
(1851, 119, 'BE', 'Berea'),
(1852, 119, 'BB', 'Butha-Buthe'),
(1853, 119, 'LE', 'Leribe'),
(1854, 119, 'MF', 'Mafeteng'),
(1855, 119, 'MS', 'Maseru'),
(1856, 119, 'MH', 'Mohale''s Hoek'),
(1857, 119, 'MK', 'Mokhotlong'),
(1858, 119, 'QN', 'Qacha''s Nek'),
(1859, 119, 'QT', 'Quthing'),
(1860, 119, 'TT', 'Thaba-Tseka'),
(1861, 120, 'BI', 'Bomi'),
(1862, 120, 'BG', 'Bong'),
(1863, 120, 'GB', 'Grand Bassa'),
(1864, 120, 'CM', 'Grand Cape Mount'),
(1865, 120, 'GG', 'Grand Gedeh'),
(1866, 120, 'GK', 'Grand Kru'),
(1867, 120, 'LO', 'Lofa'),
(1868, 120, 'MG', 'Margibi'),
(1869, 120, 'ML', 'Maryland'),
(1870, 120, 'MS', 'Montserrado'),
(1871, 120, 'NB', 'Nimba'),
(1872, 120, 'RC', 'River Cess'),
(1873, 120, 'SN', 'Sinoe'),
(1874, 121, 'AJ', 'Ajdabiya'),
(1875, 121, 'AZ', 'Al ''Aziziyah'),
(1876, 121, 'FA', 'Al Fatih'),
(1877, 121, 'JA', 'Al Jabal al Akhdar'),
(1878, 121, 'JU', 'Al Jufrah'),
(1879, 121, 'KH', 'Al Khums'),
(1880, 121, 'KU', 'Al Kufrah'),
(1881, 121, 'NK', 'An Nuqat al Khams'),
(1882, 121, 'AS', 'Ash Shati'''),
(1883, 121, 'AW', 'Awbari'),
(1884, 121, 'ZA', 'Az Zawiyah'),
(1885, 121, 'BA', 'Banghazi'),
(1886, 121, 'DA', 'Darnah'),
(1887, 121, 'GD', 'Ghadamis'),
(1888, 121, 'GY', 'Gharyan'),
(1889, 121, 'MI', 'Misratah'),
(1890, 121, 'MZ', 'Murzuq'),
(1891, 121, 'SB', 'Sabha'),
(1892, 121, 'SW', 'Sawfajjin'),
(1893, 121, 'SU', 'Surt'),
(1894, 121, 'TL', 'Tarabulus (Tripoli)'),
(1895, 121, 'TH', 'Tarhunah'),
(1896, 121, 'TU', 'Tubruq'),
(1897, 121, 'YA', 'Yafran'),
(1898, 121, 'ZL', 'Zlitan'),
(1899, 122, 'V', 'Vaduz'),
(1900, 122, 'A', 'Schaan'),
(1901, 122, 'B', 'Balzers'),
(1902, 122, 'N', 'Triesen'),
(1903, 122, 'E', 'Eschen'),
(1904, 122, 'M', 'Mauren'),
(1905, 122, 'T', 'Triesenberg'),
(1906, 122, 'R', 'Ruggell'),
(1907, 122, 'G', 'Gamprin'),
(1908, 122, 'L', 'Schellenberg'),
(1909, 122, 'P', 'Planken'),
(1910, 123, 'AL', 'Alytus'),
(1911, 123, 'KA', 'Kaunas'),
(1912, 123, 'KL', 'Klaipeda'),
(1913, 123, 'MA', 'Marijampole'),
(1914, 123, 'PA', 'Panevezys'),
(1915, 123, 'SI', 'Siauliai'),
(1916, 123, 'TA', 'Taurage'),
(1917, 123, 'TE', 'Telsiai'),
(1918, 123, 'UT', 'Utena'),
(1919, 123, 'VI', 'Vilnius'),
(1920, 124, 'DD', 'Diekirch'),
(1921, 124, 'DC', 'Clervaux'),
(1922, 124, 'DR', 'Redange'),
(1923, 124, 'DV', 'Vianden'),
(1924, 124, 'DW', 'Wiltz'),
(1925, 124, 'GG', 'Grevenmacher'),
(1926, 124, 'GE', 'Echternach'),
(1927, 124, 'GR', 'Remich'),
(1928, 124, 'LL', 'Luxembourg'),
(1929, 124, 'LC', 'Capellen'),
(1930, 124, 'LE', 'Esch-sur-Alzette'),
(1931, 124, 'LM', 'Mersch'),
(1932, 125, 'OLF', 'Our Lady Fatima Parish'),
(1933, 125, 'ANT', 'St. Anthony Parish'),
(1934, 125, 'LAZ', 'St. Lazarus Parish'),
(1935, 125, 'CAT', 'Cathedral Parish'),
(1936, 125, 'LAW', 'St. Lawrence Parish'),
(1937, 127, 'AN', 'Antananarivo'),
(1938, 127, 'AS', 'Antsiranana'),
(1939, 127, 'FN', 'Fianarantsoa'),
(1940, 127, 'MJ', 'Mahajanga'),
(1941, 127, 'TM', 'Toamasina'),
(1942, 127, 'TL', 'Toliara'),
(1943, 128, 'BLK', 'Balaka'),
(1944, 128, 'BLT', 'Blantyre'),
(1945, 128, 'CKW', 'Chikwawa'),
(1946, 128, 'CRD', 'Chiradzulu'),
(1947, 128, 'CTP', 'Chitipa'),
(1948, 128, 'DDZ', 'Dedza'),
(1949, 128, 'DWA', 'Dowa'),
(1950, 128, 'KRG', 'Karonga'),
(1951, 128, 'KSG', 'Kasungu'),
(1952, 128, 'LKM', 'Likoma'),
(1953, 128, 'LLG', 'Lilongwe'),
(1954, 128, 'MCG', 'Machinga'),
(1955, 128, 'MGC', 'Mangochi'),
(1956, 128, 'MCH', 'Mchinji'),
(1957, 128, 'MLJ', 'Mulanje'),
(1958, 128, 'MWZ', 'Mwanza'),
(1959, 128, 'MZM', 'Mzimba'),
(1960, 128, 'NTU', 'Ntcheu'),
(1961, 128, 'NKB', 'Nkhata Bay'),
(1962, 128, 'NKH', 'Nkhotakota'),
(1963, 128, 'NSJ', 'Nsanje'),
(1964, 128, 'NTI', 'Ntchisi'),
(1965, 128, 'PHL', 'Phalombe'),
(1966, 128, 'RMP', 'Rumphi'),
(1967, 128, 'SLM', 'Salima'),
(1968, 128, 'THY', 'Thyolo'),
(1969, 128, 'ZBA', 'Zomba'),
(1970, 129, 'JO', 'Johor'),
(1971, 129, 'KE', 'Kedah'),
(1972, 129, 'KL', 'Kelantan'),
(1973, 129, 'LA', 'Labuan'),
(1974, 129, 'ME', 'Melaka'),
(1975, 129, 'NS', 'Negeri Sembilan'),
(1976, 129, 'PA', 'Pahang'),
(1977, 129, 'PE', 'Perak'),
(1978, 129, 'PR', 'Perlis'),
(1979, 129, 'PP', 'Pulau Pinang'),
(1980, 129, 'SA', 'Sabah'),
(1981, 129, 'SR', 'Sarawak'),
(1982, 129, 'SE', 'Selangor'),
(1983, 129, 'TE', 'Terengganu'),
(1984, 129, 'WP', 'Wilayah Persekutuan'),
(1985, 130, 'THU', 'Thiladhunmathi Uthuru'),
(1986, 130, 'THD', 'Thiladhunmathi Dhekunu'),
(1987, 130, 'MLU', 'Miladhunmadulu Uthuru'),
(1988, 130, 'MLD', 'Miladhunmadulu Dhekunu'),
(1989, 130, 'MAU', 'Maalhosmadulu Uthuru'),
(1990, 130, 'MAD', 'Maalhosmadulu Dhekunu'),
(1991, 130, 'FAA', 'Faadhippolhu'),
(1992, 130, 'MAA', 'Male Atoll'),
(1993, 130, 'AAU', 'Ari Atoll Uthuru'),
(1994, 130, 'AAD', 'Ari Atoll Dheknu'),
(1995, 130, 'FEA', 'Felidhe Atoll'),
(1996, 130, 'MUA', 'Mulaku Atoll'),
(1997, 130, 'NAU', 'Nilandhe Atoll Uthuru'),
(1998, 130, 'NAD', 'Nilandhe Atoll Dhekunu'),
(1999, 130, 'KLH', 'Kolhumadulu'),
(2000, 130, 'HDH', 'Hadhdhunmathi'),
(2001, 130, 'HAU', 'Huvadhu Atoll Uthuru'),
(2002, 130, 'HAD', 'Huvadhu Atoll Dhekunu'),
(2003, 130, 'FMU', 'Fua Mulaku'),
(2004, 130, 'ADD', 'Addu'),
(2005, 131, 'GA', 'Gao'),
(2006, 131, 'KY', 'Kayes'),
(2007, 131, 'KD', 'Kidal'),
(2008, 131, 'KL', 'Koulikoro'),
(2009, 131, 'MP', 'Mopti'),
(2010, 131, 'SG', 'Segou'),
(2011, 131, 'SK', 'Sikasso'),
(2012, 131, 'TB', 'Tombouctou'),
(2013, 131, 'CD', 'Bamako Capital District'),
(2014, 132, 'ATT', 'Attard'),
(2015, 132, 'BAL', 'Balzan'),
(2016, 132, 'BGU', 'Birgu'),
(2017, 132, 'BKK', 'Birkirkara'),
(2018, 132, 'BRZ', 'Birzebbuga'),
(2019, 132, 'BOR', 'Bormla'),
(2020, 132, 'DIN', 'Dingli'),
(2021, 132, 'FGU', 'Fgura'),
(2022, 132, 'FLO', 'Floriana'),
(2023, 132, 'GDJ', 'Gudja'),
(2024, 132, 'GZR', 'Gzira'),
(2025, 132, 'GRG', 'Gargur'),
(2026, 132, 'GXQ', 'Gaxaq'),
(2027, 132, 'HMR', 'Hamrun'),
(2028, 132, 'IKL', 'Iklin'),
(2029, 132, 'ISL', 'Isla'),
(2030, 132, 'KLK', 'Kalkara'),
(2031, 132, 'KRK', 'Kirkop'),
(2032, 132, 'LIJ', 'Lija'),
(2033, 132, 'LUQ', 'Luqa'),
(2034, 132, 'MRS', 'Marsa'),
(2035, 132, 'MKL', 'Marsaskala'),
(2036, 132, 'MXL', 'Marsaxlokk'),
(2037, 132, 'MDN', 'Mdina'),
(2038, 132, 'MEL', 'Melliea'),
(2039, 132, 'MGR', 'Mgarr'),
(2040, 132, 'MST', 'Mosta'),
(2041, 132, 'MQA', 'Mqabba'),
(2042, 132, 'MSI', 'Msida'),
(2043, 132, 'MTF', 'Mtarfa'),
(2044, 132, 'NAX', 'Naxxar'),
(2045, 132, 'PAO', 'Paola'),
(2046, 132, 'PEM', 'Pembroke'),
(2047, 132, 'PIE', 'Pieta'),
(2048, 132, 'QOR', 'Qormi'),
(2049, 132, 'QRE', 'Qrendi'),
(2050, 132, 'RAB', 'Rabat'),
(2051, 132, 'SAF', 'Safi'),
(2052, 132, 'SGI', 'San Giljan'),
(2053, 132, 'SLU', 'Santa Lucija'),
(2054, 132, 'SPB', 'San Pawl il-Bahar'),
(2055, 132, 'SGW', 'San Gwann'),
(2056, 132, 'SVE', 'Santa Venera'),
(2057, 132, 'SIG', 'Siggiewi'),
(2058, 132, 'SLM', 'Sliema'),
(2059, 132, 'SWQ', 'Swieqi'),
(2060, 132, 'TXB', 'Ta Xbiex'),
(2061, 132, 'TRX', 'Tarxien'),
(2062, 132, 'VLT', 'Valletta'),
(2063, 132, 'XGJ', 'Xgajra'),
(2064, 132, 'ZBR', 'Zabbar'),
(2065, 132, 'ZBG', 'Zebbug'),
(2066, 132, 'ZJT', 'Zejtun'),
(2067, 132, 'ZRQ', 'Zurrieq'),
(2068, 132, 'FNT', 'Fontana'),
(2069, 132, 'GHJ', 'Ghajnsielem'),
(2070, 132, 'GHR', 'Gharb'),
(2071, 132, 'GHS', 'Ghasri'),
(2072, 132, 'KRC', 'Kercem'),
(2073, 132, 'MUN', 'Munxar'),
(2074, 132, 'NAD', 'Nadur'),
(2075, 132, 'QAL', 'Qala'),
(2076, 132, 'VIC', 'Victoria'),
(2077, 132, 'SLA', 'San Lawrenz'),
(2078, 132, 'SNT', 'Sannat'),
(2079, 132, 'ZAG', 'Xagra'),
(2080, 132, 'XEW', 'Xewkija'),
(2081, 132, 'ZEB', 'Zebbug'),
(2082, 133, 'ALG', 'Ailinginae'),
(2083, 133, 'ALL', 'Ailinglaplap'),
(2084, 133, 'ALK', 'Ailuk'),
(2085, 133, 'ARN', 'Arno'),
(2086, 133, 'AUR', 'Aur'),
(2087, 133, 'BKR', 'Bikar'),
(2088, 133, 'BKN', 'Bikini'),
(2089, 133, 'BKK', 'Bokak'),
(2090, 133, 'EBN', 'Ebon'),
(2091, 133, 'ENT', 'Enewetak'),
(2092, 133, 'EKB', 'Erikub'),
(2093, 133, 'JBT', 'Jabat'),
(2094, 133, 'JLT', 'Jaluit'),
(2095, 133, 'JEM', 'Jemo'),
(2096, 133, 'KIL', 'Kili'),
(2097, 133, 'KWJ', 'Kwajalein'),
(2098, 133, 'LAE', 'Lae'),
(2099, 133, 'LIB', 'Lib'),
(2100, 133, 'LKP', 'Likiep'),
(2101, 133, 'MJR', 'Majuro'),
(2102, 133, 'MLP', 'Maloelap'),
(2103, 133, 'MJT', 'Mejit'),
(2104, 133, 'MIL', 'Mili'),
(2105, 133, 'NMK', 'Namorik'),
(2106, 133, 'NAM', 'Namu'),
(2107, 133, 'RGL', 'Rongelap'),
(2108, 133, 'RGK', 'Rongrik'),
(2109, 133, 'TOK', 'Toke'),
(2110, 133, 'UJA', 'Ujae'),
(2111, 133, 'UJL', 'Ujelang'),
(2112, 133, 'UTK', 'Utirik'),
(2113, 133, 'WTH', 'Wotho'),
(2114, 133, 'WTJ', 'Wotje'),
(2115, 135, 'AD', 'Adrar'),
(2116, 135, 'AS', 'Assaba'),
(2117, 135, 'BR', 'Brakna'),
(2118, 135, 'DN', 'Dakhlet Nouadhibou'),
(2119, 135, 'GO', 'Gorgol'),
(2120, 135, 'GM', 'Guidimaka'),
(2121, 135, 'HC', 'Hodh Ech Chargui'),
(2122, 135, 'HG', 'Hodh El Gharbi'),
(2123, 135, 'IN', 'Inchiri'),
(2124, 135, 'TA', 'Tagant'),
(2125, 135, 'TZ', 'Tiris Zemmour'),
(2126, 135, 'TR', 'Trarza'),
(2127, 135, 'NO', 'Nouakchott'),
(2128, 136, 'BR', 'Beau Bassin-Rose Hill'),
(2129, 136, 'CU', 'Curepipe'),
(2130, 136, 'PU', 'Port Louis'),
(2131, 136, 'QB', 'Quatre Bornes'),
(2132, 136, 'VP', 'Vacoas-Phoenix'),
(2133, 136, 'AG', 'Agalega Islands'),
(2134, 136, 'CC', 'Cargados Carajos Shoals (Saint Brandon Islands)'),
(2135, 136, 'RO', 'Rodrigues'),
(2136, 136, 'BL', 'Black River'),
(2137, 136, 'FL', 'Flacq'),
(2138, 136, 'GP', 'Grand Port'),
(2139, 136, 'MO', 'Moka'),
(2140, 136, 'PA', 'Pamplemousses'),
(2141, 136, 'PW', 'Plaines Wilhems'),
(2142, 136, 'PL', 'Port Louis'),
(2143, 136, 'RR', 'Riviere du Rempart'),
(2144, 136, 'SA', 'Savanne'),
(2145, 138, 'BN', 'Baja California Norte'),
(2146, 138, 'BS', 'Baja California Sur'),
(2147, 138, 'CA', 'Campeche'),
(2148, 138, 'CI', 'Chiapas'),
(2149, 138, 'CH', 'Chihuahua'),
(2150, 138, 'CZ', 'Coahuila de Zaragoza'),
(2151, 138, 'CL', 'Colima'),
(2152, 138, 'DF', 'Distrito Federal'),
(2153, 138, 'DU', 'Durango'),
(2154, 138, 'GA', 'Guanajuato'),
(2155, 138, 'GE', 'Guerrero'),
(2156, 138, 'HI', 'Hidalgo'),
(2157, 138, 'JA', 'Jalisco'),
(2158, 138, 'ME', 'Mexico'),
(2159, 138, 'MI', 'Michoacan de Ocampo'),
(2160, 138, 'MO', 'Morelos'),
(2161, 138, 'NA', 'Nayarit'),
(2162, 138, 'NL', 'Nuevo Leon'),
(2163, 138, 'OA', 'Oaxaca'),
(2164, 138, 'PU', 'Puebla'),
(2165, 138, 'QA', 'Queretaro de Arteaga'),
(2166, 138, 'QR', 'Quintana Roo'),
(2167, 138, 'SA', 'San Luis Potosi'),
(2168, 138, 'SI', 'Sinaloa'),
(2169, 138, 'SO', 'Sonora'),
(2170, 138, 'TB', 'Tabasco'),
(2171, 138, 'TM', 'Tamaulipas'),
(2172, 138, 'TL', 'Tlaxcala'),
(2173, 138, 'VE', 'Veracruz-Llave'),
(2174, 138, 'YU', 'Yucatan'),
(2175, 138, 'ZA', 'Zacatecas'),
(2176, 139, 'C', 'Chuuk'),
(2177, 139, 'K', 'Kosrae'),
(2178, 139, 'P', 'Pohnpei'),
(2179, 139, 'Y', 'Yap'),
(2180, 140, 'GA', 'Gagauzia'),
(2181, 140, 'CU', 'Chisinau'),
(2182, 140, 'BA', 'Balti'),
(2183, 140, 'CA', 'Cahul'),
(2184, 140, 'ED', 'Edinet'),
(2185, 140, 'LA', 'Lapusna'),
(2186, 140, 'OR', 'Orhei'),
(2187, 140, 'SO', 'Soroca'),
(2188, 140, 'TI', 'Tighina'),
(2189, 140, 'UN', 'Ungheni'),
(2190, 140, 'SN', 'St‚nga Nistrului'),
(2191, 141, 'FV', 'Fontvieille'),
(2192, 141, 'LC', 'La Condamine'),
(2193, 141, 'MV', 'Monaco-Ville'),
(2194, 141, 'MC', 'Monte-Carlo'),
(2195, 142, '1', 'Ulanbaatar'),
(2196, 142, '35', 'Orhon'),
(2197, 142, '37', 'Darhan uul'),
(2198, 142, '39', 'Hentiy'),
(2199, 142, '41', 'Hovsgol'),
(2200, 142, '43', 'Hovd'),
(2201, 142, '46', 'Uvs'),
(2202, 142, '47', 'Tov'),
(2203, 142, '49', 'Selenge'),
(2204, 142, '51', 'Suhbaatar'),
(2205, 142, '53', 'Omnogovi'),
(2206, 142, '55', 'Ovorhangay'),
(2207, 142, '57', 'Dzavhan'),
(2208, 142, '59', 'DundgovL'),
(2209, 142, '61', 'Dornod'),
(2210, 142, '63', 'Dornogov'),
(2211, 142, '64', 'Govi-Sumber'),
(2212, 142, '65', 'Govi-Altay'),
(2213, 142, '67', 'Bulgan'),
(2214, 142, '69', 'Bayanhongor'),
(2215, 142, '71', 'Bayan-Olgiy'),
(2216, 142, '73', 'Arhangay'),
(2217, 143, 'A', 'Saint Anthony'),
(2218, 143, 'G', 'Saint Georges'),
(2219, 143, 'P', 'Saint Peter'),
(2220, 144, 'AGD', 'Agadir'),
(2221, 144, 'HOC', 'Al Hoceima'),
(2222, 144, 'AZI', 'Azilal'),
(2223, 144, 'BME', 'Beni Mellal'),
(2224, 144, 'BSL', 'Ben Slimane'),
(2225, 144, 'BLM', 'Boulemane'),
(2226, 144, 'CBL', 'Casablanca'),
(2227, 144, 'CHA', 'Chaouen'),
(2228, 144, 'EJA', 'El Jadida'),
(2229, 144, 'EKS', 'El Kelaa des Sraghna'),
(2230, 144, 'ERA', 'Er Rachidia'),
(2231, 144, 'ESS', 'Essaouira'),
(2232, 144, 'FES', 'Fes'),
(2233, 144, 'FIG', 'Figuig'),
(2234, 144, 'GLM', 'Guelmim'),
(2235, 144, 'IFR', 'Ifrane'),
(2236, 144, 'KEN', 'Kenitra'),
(2237, 144, 'KHM', 'Khemisset'),
(2238, 144, 'KHN', 'Khenifra'),
(2239, 144, 'KHO', 'Khouribga'),
(2240, 144, 'LYN', 'Laayoune'),
(2241, 144, 'LAR', 'Larache'),
(2242, 144, 'MRK', 'Marrakech'),
(2243, 144, 'MKN', 'Meknes'),
(2244, 144, 'NAD', 'Nador'),
(2245, 144, 'ORZ', 'Ouarzazate'),
(2246, 144, 'OUJ', 'Oujda'),
(2247, 144, 'RSA', 'Rabat-Sale'),
(2248, 144, 'SAF', 'Safi'),
(2249, 144, 'SET', 'Settat'),
(2250, 144, 'SKA', 'Sidi Kacem'),
(2251, 144, 'TGR', 'Tangier'),
(2252, 144, 'TAN', 'Tan-Tan'),
(2253, 144, 'TAO', 'Taounate'),
(2254, 144, 'TRD', 'Taroudannt'),
(2255, 144, 'TAT', 'Tata'),
(2256, 144, 'TAZ', 'Taza'),
(2257, 144, 'TET', 'Tetouan'),
(2258, 144, 'TIZ', 'Tiznit'),
(2259, 144, 'ADK', 'Ad Dakhla'),
(2260, 144, 'BJD', 'Boujdour'),
(2261, 144, 'ESM', 'Es Smara'),
(2262, 145, 'CD', 'Cabo Delgado'),
(2263, 145, 'GZ', 'Gaza'),
(2264, 145, 'IN', 'Inhambane'),
(2265, 145, 'MN', 'Manica'),
(2266, 145, 'MC', 'Maputo (city)'),
(2267, 145, 'MP', 'Maputo'),
(2268, 145, 'NA', 'Nampula'),
(2269, 145, 'NI', 'Niassa'),
(2270, 145, 'SO', 'Sofala'),
(2271, 145, 'TE', 'Tete'),
(2272, 145, 'ZA', 'Zambezia'),
(2273, 146, 'AY', 'Ayeyarwady'),
(2274, 146, 'BG', 'Bago'),
(2275, 146, 'MG', 'Magway'),
(2276, 146, 'MD', 'Mandalay'),
(2277, 146, 'SG', 'Sagaing'),
(2278, 146, 'TN', 'Tanintharyi'),
(2279, 146, 'YG', 'Yangon'),
(2280, 146, 'CH', 'Chin State'),
(2281, 146, 'KC', 'Kachin State'),
(2282, 146, 'KH', 'Kayah State'),
(2283, 146, 'KN', 'Kayin State'),
(2284, 146, 'MN', 'Mon State'),
(2285, 146, 'RK', 'Rakhine State'),
(2286, 146, 'SH', 'Shan State'),
(2287, 147, 'CA', 'Caprivi'),
(2288, 147, 'ER', 'Erongo'),
(2289, 147, 'HA', 'Hardap'),
(2290, 147, 'KR', 'Karas'),
(2291, 147, 'KV', 'Kavango'),
(2292, 147, 'KH', 'Khomas'),
(2293, 147, 'KU', 'Kunene'),
(2294, 147, 'OW', 'Ohangwena'),
(2295, 147, 'OK', 'Omaheke'),
(2296, 147, 'OT', 'Omusati'),
(2297, 147, 'ON', 'Oshana'),
(2298, 147, 'OO', 'Oshikoto'),
(2299, 147, 'OJ', 'Otjozondjupa'),
(2300, 148, 'AO', 'Aiwo'),
(2301, 148, 'AA', 'Anabar'),
(2302, 148, 'AT', 'Anetan'),
(2303, 148, 'AI', 'Anibare'),
(2304, 148, 'BA', 'Baiti'),
(2305, 148, 'BO', 'Boe'),
(2306, 148, 'BU', 'Buada'),
(2307, 148, 'DE', 'Denigomodu'),
(2308, 148, 'EW', 'Ewa'),
(2309, 148, 'IJ', 'Ijuw'),
(2310, 148, 'ME', 'Meneng'),
(2311, 148, 'NI', 'Nibok'),
(2312, 148, 'UA', 'Uaboe'),
(2313, 148, 'YA', 'Yaren'),
(2314, 149, 'BA', 'Bagmati'),
(2315, 149, 'BH', 'Bheri'),
(2316, 149, 'DH', 'Dhawalagiri'),
(2317, 149, 'GA', 'Gandaki'),
(2318, 149, 'JA', 'Janakpur'),
(2319, 149, 'KA', 'Karnali'),
(2320, 149, 'KO', 'Kosi'),
(2321, 149, 'LU', 'Lumbini'),
(2322, 149, 'MA', 'Mahakali'),
(2323, 149, 'ME', 'Mechi'),
(2324, 149, 'NA', 'Narayani'),
(2325, 149, 'RA', 'Rapti'),
(2326, 149, 'SA', 'Sagarmatha'),
(2327, 149, 'SE', 'Seti'),
(2328, 150, 'DR', 'Drenthe'),
(2329, 150, 'FL', 'Flevoland'),
(2330, 150, 'FR', 'Friesland'),
(2331, 150, 'GE', 'Gelderland'),
(2332, 150, 'GR', 'Groningen'),
(2333, 150, 'LI', 'Limburg'),
(2334, 150, 'NB', 'Noord Brabant'),
(2335, 150, 'NH', 'Noord Holland'),
(2336, 150, 'OV', 'Overijssel'),
(2337, 150, 'UT', 'Utrecht'),
(2338, 150, 'ZE', 'Zeeland'),
(2339, 150, 'ZH', 'Zuid Holland'),
(2340, 152, 'L', 'Iles Loyaute'),
(2341, 152, 'N', 'Nord'),
(2342, 152, 'S', 'Sud'),
(2343, 153, 'AUK', 'Auckland'),
(2344, 153, 'BOP', 'Bay of Plenty'),
(2345, 153, 'CAN', 'Canterbury'),
(2346, 153, 'COR', 'Coromandel'),
(2347, 153, 'GIS', 'Gisborne'),
(2348, 153, 'FIO', 'Fiordland'),
(2349, 153, 'HKB', 'Hawke''s Bay'),
(2350, 153, 'MBH', 'Marlborough'),
(2351, 153, 'MWT', 'Manawatu-Wanganui'),
(2352, 153, 'MCM', 'Mt Cook-Mackenzie'),
(2353, 153, 'NSN', 'Nelson'),
(2354, 153, 'NTL', 'Northland'),
(2355, 153, 'OTA', 'Otago'),
(2356, 153, 'STL', 'Southland'),
(2357, 153, 'TKI', 'Taranaki'),
(2358, 153, 'WGN', 'Wellington'),
(2359, 153, 'WKO', 'Waikato'),
(2360, 153, 'WAI', 'Wairprarapa'),
(2361, 153, 'WTC', 'West Coast'),
(2362, 154, 'AN', 'Atlantico Norte'),
(2363, 154, 'AS', 'Atlantico Sur'),
(2364, 154, 'BO', 'Boaco'),
(2365, 154, 'CA', 'Carazo'),
(2366, 154, 'CI', 'Chinandega'),
(2367, 154, 'CO', 'Chontales'),
(2368, 154, 'ES', 'Esteli'),
(2369, 154, 'GR', 'Granada'),
(2370, 154, 'JI', 'Jinotega'),
(2371, 154, 'LE', 'Leon'),
(2372, 154, 'MD', 'Madriz'),
(2373, 154, 'MN', 'Managua'),
(2374, 154, 'MS', 'Masaya'),
(2375, 154, 'MT', 'Matagalpa'),
(2376, 154, 'NS', 'Nuevo Segovia'),
(2377, 154, 'RS', 'Rio San Juan'),
(2378, 154, 'RI', 'Rivas'),
(2379, 155, 'AG', 'Agadez'),
(2380, 155, 'DF', 'Diffa'),
(2381, 155, 'DS', 'Dosso'),
(2382, 155, 'MA', 'Maradi'),
(2383, 155, 'NM', 'Niamey'),
(2384, 155, 'TH', 'Tahoua'),
(2385, 155, 'TL', 'Tillaberi'),
(2386, 155, 'ZD', 'Zinder'),
(2387, 156, 'AB', 'Abia'),
(2388, 156, 'CT', 'Abuja Federal Capital Territory'),
(2389, 156, 'AD', 'Adamawa'),
(2390, 156, 'AK', 'Akwa Ibom'),
(2391, 156, 'AN', 'Anambra'),
(2392, 156, 'BC', 'Bauchi'),
(2393, 156, 'BY', 'Bayelsa'),
(2394, 156, 'BN', 'Benue'),
(2395, 156, 'BO', 'Borno'),
(2396, 156, 'CR', 'Cross River'),
(2397, 156, 'DE', 'Delta'),
(2398, 156, 'EB', 'Ebonyi'),
(2399, 156, 'ED', 'Edo'),
(2400, 156, 'EK', 'Ekiti'),
(2401, 156, 'EN', 'Enugu'),
(2402, 156, 'GO', 'Gombe'),
(2403, 156, 'IM', 'Imo'),
(2404, 156, 'JI', 'Jigawa'),
(2405, 156, 'KD', 'Kaduna'),
(2406, 156, 'KN', 'Kano'),
(2407, 156, 'KT', 'Katsina'),
(2408, 156, 'KE', 'Kebbi'),
(2409, 156, 'KO', 'Kogi'),
(2410, 156, 'KW', 'Kwara'),
(2411, 156, 'LA', 'Lagos'),
(2412, 156, 'NA', 'Nassarawa'),
(2413, 156, 'NI', 'Niger'),
(2414, 156, 'OG', 'Ogun'),
(2415, 156, 'ONG', 'Ondo'),
(2416, 156, 'OS', 'Osun'),
(2417, 156, 'OY', 'Oyo'),
(2418, 156, 'PL', 'Plateau'),
(2419, 156, 'RI', 'Rivers'),
(2420, 156, 'SO', 'Sokoto'),
(2421, 156, 'TA', 'Taraba'),
(2422, 156, 'YO', 'Yobe'),
(2423, 156, 'ZA', 'Zamfara'),
(2424, 159, 'N', 'Northern Islands'),
(2425, 159, 'R', 'Rota'),
(2426, 159, 'S', 'Saipan'),
(2427, 159, 'T', 'Tinian'),
(2428, 160, 'AK', 'Akershus'),
(2429, 160, 'AA', 'Aust-Agder'),
(2430, 160, 'BU', 'Buskerud'),
(2431, 160, 'FM', 'Finnmark'),
(2432, 160, 'HM', 'Hedmark'),
(2433, 160, 'HL', 'Hordaland'),
(2434, 160, 'MR', 'More og Romdal'),
(2435, 160, 'NT', 'Nord-Trondelag'),
(2436, 160, 'NL', 'Nordland'),
(2437, 160, 'OF', 'Ostfold'),
(2438, 160, 'OP', 'Oppland'),
(2439, 160, 'OL', 'Oslo'),
(2440, 160, 'RL', 'Rogaland'),
(2441, 160, 'ST', 'Sor-Trondelag'),
(2442, 160, 'SJ', 'Sogn og Fjordane'),
(2443, 160, 'SV', 'Svalbard'),
(2444, 160, 'TM', 'Telemark'),
(2445, 160, 'TR', 'Troms'),
(2446, 160, 'VA', 'Vest-Agder'),
(2447, 160, 'VF', 'Vestfold'),
(2448, 161, 'DA', 'Ad Dakhiliyah'),
(2449, 161, 'BA', 'Al Batinah'),
(2450, 161, 'WU', 'Al Wusta'),
(2451, 161, 'SH', 'Ash Sharqiyah'),
(2452, 161, 'ZA', 'Az Zahirah'),
(2453, 161, 'MA', 'Masqat'),
(2454, 161, 'MU', 'Musandam'),
(2455, 161, 'ZU', 'Zufar'),
(2456, 162, 'B', 'Balochistan'),
(2457, 162, 'T', 'Federally Administered Tribal Areas'),
(2458, 162, 'I', 'Islamabad Capital Territory'),
(2459, 162, 'N', 'North-West Frontier'),
(2460, 162, 'P', 'Punjab'),
(2461, 162, 'S', 'Sindh'),
(2462, 163, 'AM', 'Aimeliik'),
(2463, 163, 'AR', 'Airai'),
(2464, 163, 'AN', 'Angaur'),
(2465, 163, 'HA', 'Hatohobei'),
(2466, 163, 'KA', 'Kayangel'),
(2467, 163, 'KO', 'Koror'),
(2468, 163, 'ME', 'Melekeok'),
(2469, 163, 'NA', 'Ngaraard'),
(2470, 163, 'NG', 'Ngarchelong'),
(2471, 163, 'ND', 'Ngardmau'),
(2472, 163, 'NT', 'Ngatpang'),
(2473, 163, 'NC', 'Ngchesar'),
(2474, 163, 'NR', 'Ngeremlengui'),
(2475, 163, 'NW', 'Ngiwal'),
(2476, 163, 'PE', 'Peleliu'),
(2477, 163, 'SO', 'Sonsorol'),
(2478, 164, 'BT', 'Bocas del Toro'),
(2479, 164, 'CH', 'Chiriqui'),
(2480, 164, 'CC', 'Cocle'),
(2481, 164, 'CL', 'Colon'),
(2482, 164, 'DA', 'Darien'),
(2483, 164, 'HE', 'Herrera'),
(2484, 164, 'LS', 'Los Santos'),
(2485, 164, 'PA', 'Panama'),
(2486, 164, 'SB', 'San Blas'),
(2487, 164, 'VG', 'Veraguas'),
(2488, 165, 'BV', 'Bougainville'),
(2489, 165, 'CE', 'Central'),
(2490, 165, 'CH', 'Chimbu'),
(2491, 165, 'EH', 'Eastern Highlands'),
(2492, 165, 'EB', 'East New Britain'),
(2493, 165, 'ES', 'East Sepik'),
(2494, 165, 'EN', 'Enga'),
(2495, 165, 'GU', 'Gulf'),
(2496, 165, 'MD', 'Madang'),
(2497, 165, 'MN', 'Manus'),
(2498, 165, 'MB', 'Milne Bay'),
(2499, 165, 'MR', 'Morobe'),
(2500, 165, 'NC', 'National Capital'),
(2501, 165, 'NI', 'New Ireland'),
(2502, 165, 'NO', 'Northern'),
(2503, 165, 'SA', 'Sandaun'),
(2504, 165, 'SH', 'Southern Highlands'),
(2505, 165, 'WE', 'Western'),
(2506, 165, 'WH', 'Western Highlands'),
(2507, 165, 'WB', 'West New Britain'),
(2508, 166, 'AG', 'Alto Paraguay'),
(2509, 166, 'AN', 'Alto Parana'),
(2510, 166, 'AM', 'Amambay'),
(2511, 166, 'AS', 'Asuncion'),
(2512, 166, 'BO', 'Boqueron'),
(2513, 166, 'CG', 'Caaguazu'),
(2514, 166, 'CZ', 'Caazapa'),
(2515, 166, 'CN', 'Canindeyu'),
(2516, 166, 'CE', 'Central'),
(2517, 166, 'CC', 'Concepcion'),
(2518, 166, 'CD', 'Cordillera'),
(2519, 166, 'GU', 'Guaira'),
(2520, 166, 'IT', 'Itapua'),
(2521, 166, 'MI', 'Misiones'),
(2522, 166, 'NE', 'Neembucu'),
(2523, 166, 'PA', 'Paraguari'),
(2524, 166, 'PH', 'Presidente Hayes'),
(2525, 166, 'SP', 'San Pedro'),
(2526, 167, 'AM', 'Amazonas'),
(2527, 167, 'AN', 'Ancash'),
(2528, 167, 'AP', 'Apurimac'),
(2529, 167, 'AR', 'Arequipa'),
(2530, 167, 'AY', 'Ayacucho'),
(2531, 167, 'CJ', 'Cajamarca'),
(2532, 167, 'CL', 'Callao'),
(2533, 167, 'CU', 'Cusco'),
(2534, 167, 'HV', 'Huancavelica'),
(2535, 167, 'HO', 'Huanuco'),
(2536, 167, 'IC', 'Ica'),
(2537, 167, 'JU', 'Junin'),
(2538, 167, 'LD', 'La Libertad'),
(2539, 167, 'LY', 'Lambayeque'),
(2540, 167, 'LI', 'Lima'),
(2541, 167, 'LO', 'Loreto'),
(2542, 167, 'MD', 'Madre de Dios'),
(2543, 167, 'MO', 'Moquegua'),
(2544, 167, 'PA', 'Pasco'),
(2545, 167, 'PI', 'Piura'),
(2546, 167, 'PU', 'Puno'),
(2547, 167, 'SM', 'San Martin'),
(2548, 167, 'TA', 'Tacna'),
(2549, 167, 'TU', 'Tumbes'),
(2550, 167, 'UC', 'Ucayali'),
(2551, 168, 'ABR', 'Abra'),
(2552, 168, 'ANO', 'Agusan del Norte'),
(2553, 168, 'ASU', 'Agusan del Sur'),
(2554, 168, 'AKL', 'Aklan'),
(2555, 168, 'ALB', 'Albay'),
(2556, 168, 'ANT', 'Antique'),
(2557, 168, 'APY', 'Apayao'),
(2558, 168, 'AUR', 'Aurora'),
(2559, 168, 'BAS', 'Basilan'),
(2560, 168, 'BTA', 'Bataan'),
(2561, 168, 'BTE', 'Batanes'),
(2562, 168, 'BTG', 'Batangas'),
(2563, 168, 'BLR', 'Biliran'),
(2564, 168, 'BEN', 'Benguet'),
(2565, 168, 'BOL', 'Bohol'),
(2566, 168, 'BUK', 'Bukidnon'),
(2567, 168, 'BUL', 'Bulacan'),
(2568, 168, 'CAG', 'Cagayan'),
(2569, 168, 'CNO', 'Camarines Norte'),
(2570, 168, 'CSU', 'Camarines Sur'),
(2571, 168, 'CAM', 'Camiguin'),
(2572, 168, 'CAP', 'Capiz'),
(2573, 168, 'CAT', 'Catanduanes'),
(2574, 168, 'CAV', 'Cavite'),
(2575, 168, 'CEB', 'Cebu'),
(2576, 168, 'CMP', 'Compostela'),
(2577, 168, 'DNO', 'Davao del Norte'),
(2578, 168, 'DSU', 'Davao del Sur'),
(2579, 168, 'DOR', 'Davao Oriental'),
(2580, 168, 'ESA', 'Eastern Samar'),
(2581, 168, 'GUI', 'Guimaras'),
(2582, 168, 'IFU', 'Ifugao'),
(2583, 168, 'INO', 'Ilocos Norte'),
(2584, 168, 'ISU', 'Ilocos Sur'),
(2585, 168, 'ILO', 'Iloilo'),
(2586, 168, 'ISA', 'Isabela'),
(2587, 168, 'KAL', 'Kalinga'),
(2588, 168, 'LAG', 'Laguna'),
(2589, 168, 'LNO', 'Lanao del Norte'),
(2590, 168, 'LSU', 'Lanao del Sur'),
(2591, 168, 'UNI', 'La Union'),
(2592, 168, 'LEY', 'Leyte'),
(2593, 168, 'MAG', 'Maguindanao'),
(2594, 168, 'MRN', 'Marinduque'),
(2595, 168, 'MSB', 'Masbate'),
(2596, 168, 'MIC', 'Mindoro Occidental'),
(2597, 168, 'MIR', 'Mindoro Oriental'),
(2598, 168, 'MSC', 'Misamis Occidental'),
(2599, 168, 'MOR', 'Misamis Oriental'),
(2600, 168, 'MOP', 'Mountain'),
(2601, 168, 'NOC', 'Negros Occidental'),
(2602, 168, 'NOR', 'Negros Oriental'),
(2603, 168, 'NCT', 'North Cotabato'),
(2604, 168, 'NSM', 'Northern Samar'),
(2605, 168, 'NEC', 'Nueva Ecija'),
(2606, 168, 'NVZ', 'Nueva Vizcaya'),
(2607, 168, 'PLW', 'Palawan'),
(2608, 168, 'PMP', 'Pampanga'),
(2609, 168, 'PNG', 'Pangasinan'),
(2610, 168, 'QZN', 'Quezon'),
(2611, 168, 'QRN', 'Quirino'),
(2612, 168, 'RIZ', 'Rizal'),
(2613, 168, 'ROM', 'Romblon'),
(2614, 168, 'SMR', 'Samar'),
(2615, 168, 'SRG', 'Sarangani'),
(2616, 168, 'SQJ', 'Siquijor'),
(2617, 168, 'SRS', 'Sorsogon'),
(2618, 168, 'SCO', 'South Cotabato'),
(2619, 168, 'SLE', 'Southern Leyte'),
(2620, 168, 'SKU', 'Sultan Kudarat'),
(2621, 168, 'SLU', 'Sulu'),
(2622, 168, 'SNO', 'Surigao del Norte'),
(2623, 168, 'SSU', 'Surigao del Sur'),
(2624, 168, 'TAR', 'Tarlac'),
(2625, 168, 'TAW', 'Tawi-Tawi'),
(2626, 168, 'ZBL', 'Zambales'),
(2627, 168, 'ZNO', 'Zamboanga del Norte'),
(2628, 168, 'ZSU', 'Zamboanga del Sur'),
(2629, 168, 'ZSI', 'Zamboanga Sibugay'),
(2630, 170, 'DO', 'Dolnoslaskie'),
(2631, 170, 'KP', 'Kujawsko-Pomorskie'),
(2632, 170, 'LO', 'Lodzkie'),
(2633, 170, 'LL', 'Lubelskie'),
(2634, 170, 'LU', 'Lubuskie'),
(2635, 170, 'ML', 'Malopolskie'),
(2636, 170, 'MZ', 'Mazowieckie'),
(2637, 170, 'OP', 'Opolskie'),
(2638, 170, 'PP', 'Podkarpackie'),
(2639, 170, 'PL', 'Podlaskie'),
(2640, 170, 'PM', 'Pomorskie'),
(2641, 170, 'SL', 'Slaskie'),
(2642, 170, 'SW', 'Swietokrzyskie'),
(2643, 170, 'WM', 'Warminsko-Mazurskie'),
(2644, 170, 'WP', 'Wielkopolskie'),
(2645, 170, 'ZA', 'Zachodniopomorskie'),
(2646, 198, 'P', 'Saint Pierre'),
(2647, 198, 'M', 'Miquelon'),
(2648, 171, 'AC', 'A&ccedil;ores'),
(2649, 171, 'AV', 'Aveiro'),
(2650, 171, 'BE', 'Beja'),
(2651, 171, 'BR', 'Braga'),
(2652, 171, 'BA', 'Bragan&ccedil;a'),
(2653, 171, 'CB', 'Castelo Branco'),
(2654, 171, 'CO', 'Coimbra'),
(2655, 171, 'EV', '&Eacute;vora'),
(2656, 171, 'FA', 'Faro'),
(2657, 171, 'GU', 'Guarda'),
(2658, 171, 'LE', 'Leiria'),
(2659, 171, 'LI', 'Lisboa'),
(2660, 171, 'ME', 'Madeira'),
(2661, 171, 'PO', 'Portalegre'),
(2662, 171, 'PR', 'Porto'),
(2663, 171, 'SA', 'Santar&eacute;m'),
(2664, 171, 'SE', 'Set&uacute;bal'),
(2665, 171, 'VC', 'Viana do Castelo'),
(2666, 171, 'VR', 'Vila Real'),
(2667, 171, 'VI', 'Viseu'),
(2668, 173, 'DW', 'Ad Dawhah'),
(2669, 173, 'GW', 'Al Ghuwayriyah'),
(2670, 173, 'JM', 'Al Jumayliyah'),
(2671, 173, 'KR', 'Al Khawr'),
(2672, 173, 'WK', 'Al Wakrah'),
(2673, 173, 'RN', 'Ar Rayyan'),
(2674, 173, 'JB', 'Jarayan al Batinah'),
(2675, 173, 'MS', 'Madinat ash Shamal'),
(2676, 173, 'UD', 'Umm Sa''id'),
(2677, 173, 'UL', 'Umm Salal'),
(2678, 175, 'AB', 'Alba'),
(2679, 175, 'AR', 'Arad'),
(2680, 175, 'AG', 'Arges'),
(2681, 175, 'BC', 'Bacau'),
(2682, 175, 'BH', 'Bihor'),
(2683, 175, 'BN', 'Bistrita-Nasaud'),
(2684, 175, 'BT', 'Botosani'),
(2685, 175, 'BV', 'Brasov'),
(2686, 175, 'BR', 'Braila'),
(2687, 175, 'B', 'Bucuresti'),
(2688, 175, 'BZ', 'Buzau'),
(2689, 175, 'CS', 'Caras-Severin'),
(2690, 175, 'CL', 'Calarasi'),
(2691, 175, 'CJ', 'Cluj'),
(2692, 175, 'CT', 'Constanta'),
(2693, 175, 'CV', 'Covasna'),
(2694, 175, 'DB', 'Dimbovita'),
(2695, 175, 'DJ', 'Dolj'),
(2696, 175, 'GL', 'Galati'),
(2697, 175, 'GR', 'Giurgiu'),
(2698, 175, 'GJ', 'Gorj'),
(2699, 175, 'HR', 'Harghita'),
(2700, 175, 'HD', 'Hunedoara'),
(2701, 175, 'IL', 'Ialomita'),
(2702, 175, 'IS', 'Iasi'),
(2703, 175, 'IF', 'Ilfov'),
(2704, 175, 'MM', 'Maramures'),
(2705, 175, 'MH', 'Mehedinti'),
(2706, 175, 'MS', 'Mures'),
(2707, 175, 'NT', 'Neamt'),
(2708, 175, 'OT', 'Olt'),
(2709, 175, 'PH', 'Prahova'),
(2710, 175, 'SM', 'Satu-Mare'),
(2711, 175, 'SJ', 'Salaj'),
(2712, 175, 'SB', 'Sibiu'),
(2713, 175, 'SV', 'Suceava'),
(2714, 175, 'TR', 'Teleorman'),
(2715, 175, 'TM', 'Timis'),
(2716, 175, 'TL', 'Tulcea'),
(2717, 175, 'VS', 'Vaslui'),
(2718, 175, 'VL', 'Valcea'),
(2719, 175, 'VN', 'Vrancea'),
(2720, 176, 'AB', 'Abakan'),
(2721, 176, 'AG', 'Aginskoye'),
(2722, 176, 'AN', 'Anadyr'),
(2723, 176, 'AR', 'Arkahangelsk'),
(2724, 176, 'AS', 'Astrakhan'),
(2725, 176, 'BA', 'Barnaul'),
(2726, 176, 'BE', 'Belgorod'),
(2727, 176, 'BI', 'Birobidzhan'),
(2728, 176, 'BL', 'Blagoveshchensk'),
(2729, 176, 'BR', 'Bryansk'),
(2730, 176, 'CH', 'Cheboksary'),
(2731, 176, 'CL', 'Chelyabinsk'),
(2732, 176, 'CR', 'Cherkessk'),
(2733, 176, 'CI', 'Chita'),
(2734, 176, 'DU', 'Dudinka'),
(2735, 176, 'EL', 'Elista'),
(2736, 176, 'GO', 'Gomo-Altaysk'),
(2737, 176, 'GA', 'Gorno-Altaysk'),
(2738, 176, 'GR', 'Groznyy'),
(2739, 176, 'IR', 'Irkutsk'),
(2740, 176, 'IV', 'Ivanovo'),
(2741, 176, 'IZ', 'Izhevsk'),
(2742, 176, 'KA', 'Kalinigrad'),
(2743, 176, 'KL', 'Kaluga'),
(2744, 176, 'KS', 'Kasnodar'),
(2745, 176, 'KZ', 'Kazan'),
(2746, 176, 'KE', 'Kemerovo'),
(2747, 176, 'KH', 'Khabarovsk'),
(2748, 176, 'KM', 'Khanty-Mansiysk'),
(2749, 176, 'KO', 'Kostroma'),
(2750, 176, 'KR', 'Krasnodar'),
(2751, 176, 'KN', 'Krasnoyarsk'),
(2752, 176, 'KU', 'Kudymkar'),
(2753, 176, 'KG', 'Kurgan'),
(2754, 176, 'KK', 'Kursk'),
(2755, 176, 'KY', 'Kyzyl'),
(2756, 176, 'LI', 'Lipetsk'),
(2757, 176, 'MA', 'Magadan'),
(2758, 176, 'MK', 'Makhachkala'),
(2759, 176, 'MY', 'Maykop'),
(2760, 176, 'MO', 'Moscow'),
(2761, 176, 'MU', 'Murmansk'),
(2762, 176, 'NA', 'Nalchik'),
(2763, 176, 'NR', 'Naryan Mar'),
(2764, 176, 'NZ', 'Nazran'),
(2765, 176, 'NI', 'Nizhniy Novgorod'),
(2766, 176, 'NO', 'Novgorod'),
(2767, 176, 'NV', 'Novosibirsk'),
(2768, 176, 'OM', 'Omsk'),
(2769, 176, 'OR', 'Orel'),
(2770, 176, 'OE', 'Orenburg'),
(2771, 176, 'PA', 'Palana'),
(2772, 176, 'PE', 'Penza'),
(2773, 176, 'PR', 'Perm'),
(2774, 176, 'PK', 'Petropavlovsk-Kamchatskiy'),
(2775, 176, 'PT', 'Petrozavodsk'),
(2776, 176, 'PS', 'Pskov'),
(2777, 176, 'RO', 'Rostov-na-Donu'),
(2778, 176, 'RY', 'Ryazan'),
(2779, 176, 'SL', 'Salekhard'),
(2780, 176, 'SA', 'Samara'),
(2781, 176, 'SR', 'Saransk'),
(2782, 176, 'SV', 'Saratov'),
(2783, 176, 'SM', 'Smolensk'),
(2784, 176, 'SP', 'St. Petersburg'),
(2785, 176, 'ST', 'Stavropol'),
(2786, 176, 'SY', 'Syktyvkar'),
(2787, 176, 'TA', 'Tambov'),
(2788, 176, 'TO', 'Tomsk'),
(2789, 176, 'TU', 'Tula'),
(2790, 176, 'TR', 'Tura'),
(2791, 176, 'TV', 'Tver'),
(2792, 176, 'TY', 'Tyumen'),
(2793, 176, 'UF', 'Ufa'),
(2794, 176, 'UL', 'Ul''yanovsk'),
(2795, 176, 'UU', 'Ulan-Ude'),
(2796, 176, 'US', 'Ust''-Ordynskiy'),
(2797, 176, 'VL', 'Vladikavkaz'),
(2798, 176, 'VA', 'Vladimir'),
(2799, 176, 'VV', 'Vladivostok'),
(2800, 176, 'VG', 'Volgograd'),
(2801, 176, 'VD', 'Vologda'),
(2802, 176, 'VO', 'Voronezh'),
(2803, 176, 'VY', 'Vyatka'),
(2804, 176, 'YA', 'Yakutsk'),
(2805, 176, 'YR', 'Yaroslavl'),
(2806, 176, 'YE', 'Yekaterinburg'),
(2807, 176, 'YO', 'Yoshkar-Ola'),
(2808, 177, 'BU', 'Butare'),
(2809, 177, 'BY', 'Byumba'),
(2810, 177, 'CY', 'Cyangugu'),
(2811, 177, 'GK', 'Gikongoro'),
(2812, 177, 'GS', 'Gisenyi'),
(2813, 177, 'GT', 'Gitarama'),
(2814, 177, 'KG', 'Kibungo'),
(2815, 177, 'KY', 'Kibuye'),
(2816, 177, 'KR', 'Kigali Rurale'),
(2817, 177, 'KV', 'Kigali-ville'),
(2818, 177, 'RU', 'Ruhengeri'),
(2819, 177, 'UM', 'Umutara'),
(2820, 178, 'CCN', 'Christ Church Nichola Town'),
(2821, 178, 'SAS', 'Saint Anne Sandy Point'),
(2822, 178, 'SGB', 'Saint George Basseterre'),
(2823, 178, 'SGG', 'Saint George Gingerland'),
(2824, 178, 'SJW', 'Saint James Windward'),
(2825, 178, 'SJC', 'Saint John Capesterre'),
(2826, 178, 'SJF', 'Saint John Figtree'),
(2827, 178, 'SMC', 'Saint Mary Cayon'),
(2828, 178, 'CAP', 'Saint Paul Capesterre'),
(2829, 178, 'CHA', 'Saint Paul Charlestown'),
(2830, 178, 'SPB', 'Saint Peter Basseterre'),
(2831, 178, 'STL', 'Saint Thomas Lowland'),
(2832, 178, 'STM', 'Saint Thomas Middle Island'),
(2833, 178, 'TPP', 'Trinity Palmetto Point'),
(2834, 179, 'AR', 'Anse-la-Raye'),
(2835, 179, 'CA', 'Castries'),
(2836, 179, 'CH', 'Choiseul'),
(2837, 179, 'DA', 'Dauphin'),
(2838, 179, 'DE', 'Dennery'),
(2839, 179, 'GI', 'Gros-Islet'),
(2840, 179, 'LA', 'Laborie'),
(2841, 179, 'MI', 'Micoud'),
(2842, 179, 'PR', 'Praslin'),
(2843, 179, 'SO', 'Soufriere'),
(2844, 179, 'VF', 'Vieux-Fort'),
(2845, 180, 'C', 'Charlotte'),
(2846, 180, 'R', 'Grenadines'),
(2847, 180, 'A', 'Saint Andrew'),
(2848, 180, 'D', 'Saint David'),
(2849, 180, 'G', 'Saint George'),
(2850, 180, 'P', 'Saint Patrick'),
(2851, 181, 'AN', 'A''ana'),
(2852, 181, 'AI', 'Aiga-i-le-Tai'),
(2853, 181, 'AT', 'Atua'),
(2854, 181, 'FA', 'Fa''asaleleaga'),
(2855, 181, 'GE', 'Gaga''emauga'),
(2856, 181, 'GF', 'Gagaifomauga'),
(2857, 181, 'PA', 'Palauli'),
(2858, 181, 'SA', 'Satupa''itea'),
(2859, 181, 'TU', 'Tuamasaga'),
(2860, 181, 'VF', 'Va''a-o-Fonoti'),
(2861, 181, 'VS', 'Vaisigano'),
(2862, 182, 'AC', 'Acquaviva'),
(2863, 182, 'BM', 'Borgo Maggiore'),
(2864, 182, 'CH', 'Chiesanuova'),
(2865, 182, 'DO', 'Domagnano'),
(2866, 182, 'FA', 'Faetano'),
(2867, 182, 'FI', 'Fiorentino'),
(2868, 182, 'MO', 'Montegiardino'),
(2869, 182, 'SM', 'Citta di San Marino'),
(2870, 182, 'SE', 'Serravalle'),
(2871, 183, 'S', 'Sao Tome'),
(2872, 183, 'P', 'Principe'),
(2873, 184, 'BH', 'Al Bahah'),
(2874, 184, 'HS', 'Al Hudud ash Shamaliyah'),
(2875, 184, 'JF', 'Al Jawf'),
(2876, 184, 'MD', 'Al Madinah'),
(2877, 184, 'QS', 'Al Qasim'),
(2878, 184, 'RD', 'Ar Riyad'),
(2879, 184, 'AQ', 'Ash Sharqiyah (Eastern)'),
(2880, 184, 'AS', '''Asir'),
(2881, 184, 'HL', 'Ha''il'),
(2882, 184, 'JZ', 'Jizan'),
(2883, 184, 'ML', 'Makkah'),
(2884, 184, 'NR', 'Najran'),
(2885, 184, 'TB', 'Tabuk'),
(2886, 185, 'DA', 'Dakar'),
(2887, 185, 'DI', 'Diourbel'),
(2888, 185, 'FA', 'Fatick'),
(2889, 185, 'KA', 'Kaolack'),
(2890, 185, 'KO', 'Kolda'),
(2891, 185, 'LO', 'Louga'),
(2892, 185, 'MA', 'Matam'),
(2893, 185, 'SL', 'Saint-Louis'),
(2894, 185, 'TA', 'Tambacounda'),
(2895, 185, 'TH', 'Thies'),
(2896, 185, 'ZI', 'Ziguinchor'),
(2897, 186, 'AP', 'Anse aux Pins'),
(2898, 186, 'AB', 'Anse Boileau'),
(2899, 186, 'AE', 'Anse Etoile'),
(2900, 186, 'AL', 'Anse Louis'),
(2901, 186, 'AR', 'Anse Royale'),
(2902, 186, 'BL', 'Baie Lazare'),
(2903, 186, 'BS', 'Baie Sainte Anne'),
(2904, 186, 'BV', 'Beau Vallon'),
(2905, 186, 'BA', 'Bel Air'),
(2906, 186, 'BO', 'Bel Ombre'),
(2907, 186, 'CA', 'Cascade'),
(2908, 186, 'GL', 'Glacis'),
(2909, 186, 'GM', 'Grand'' Anse (on Mahe)'),
(2910, 186, 'GP', 'Grand'' Anse (on Praslin)'),
(2911, 186, 'DG', 'La Digue'),
(2912, 186, 'RA', 'La Riviere Anglaise'),
(2913, 186, 'MB', 'Mont Buxton'),
(2914, 186, 'MF', 'Mont Fleuri'),
(2915, 186, 'PL', 'Plaisance'),
(2916, 186, 'PR', 'Pointe La Rue'),
(2917, 186, 'PG', 'Port Glaud'),
(2918, 186, 'SL', 'Saint Louis'),
(2919, 186, 'TA', 'Takamaka'),
(2920, 187, 'E', 'Eastern'),
(2921, 187, 'N', 'Northern'),
(2922, 187, 'S', 'Southern'),
(2923, 187, 'W', 'Western'),
(2924, 189, 'BA', 'Banskobystrický'),
(2925, 189, 'BR', 'Bratislavský'),
(2926, 189, 'KO', 'Košický'),
(2927, 189, 'NI', 'Nitriansky'),
(2928, 189, 'PR', 'Prešovský'),
(2929, 189, 'TC', 'Trenčiansky'),
(2930, 189, 'TV', 'Trnavský'),
(2931, 189, 'ZI', 'Žilinský'),
(2932, 191, 'CE', 'Central'),
(2933, 191, 'CH', 'Choiseul'),
(2934, 191, 'GC', 'Guadalcanal'),
(2935, 191, 'HO', 'Honiara'),
(2936, 191, 'IS', 'Isabel'),
(2937, 191, 'MK', 'Makira'),
(2938, 191, 'ML', 'Malaita'),
(2939, 191, 'RB', 'Rennell and Bellona'),
(2940, 191, 'TM', 'Temotu'),
(2941, 191, 'WE', 'Western'),
(2942, 192, 'AW', 'Awdal'),
(2943, 192, 'BK', 'Bakool'),
(2944, 192, 'BN', 'Banaadir'),
(2945, 192, 'BR', 'Bari'),
(2946, 192, 'BY', 'Bay'),
(2947, 192, 'GA', 'Galguduud'),
(2948, 192, 'GE', 'Gedo'),
(2949, 192, 'HI', 'Hiiraan'),
(2950, 192, 'JD', 'Jubbada Dhexe'),
(2951, 192, 'JH', 'Jubbada Hoose'),
(2952, 192, 'MU', 'Mudug'),
(2953, 192, 'NU', 'Nugaal'),
(2954, 192, 'SA', 'Sanaag'),
(2955, 192, 'SD', 'Shabeellaha Dhexe'),
(2956, 192, 'SH', 'Shabeellaha Hoose'),
(2957, 192, 'SL', 'Sool'),
(2958, 192, 'TO', 'Togdheer'),
(2959, 192, 'WG', 'Woqooyi Galbeed'),
(2960, 193, 'EC', 'Eastern Cape'),
(2961, 193, 'FS', 'Free State'),
(2962, 193, 'GT', 'Gauteng'),
(2963, 193, 'KN', 'KwaZulu-Natal'),
(2964, 193, 'LP', 'Limpopo'),
(2965, 193, 'MP', 'Mpumalanga'),
(2966, 193, 'NW', 'North West'),
(2967, 193, 'NC', 'Northern Cape'),
(2968, 193, 'WC', 'Western Cape'),
(2969, 195, 'CA', 'La Coru&ntilde;a'),
(2970, 195, 'AL', '&Aacute;lava'),
(2971, 195, 'AB', 'Albacete'),
(2972, 195, 'AC', 'Alicante'),
(2973, 195, 'AM', 'Almeria'),
(2974, 195, 'AS', 'Asturias'),
(2975, 195, 'AV', '&Aacute;vila'),
(2976, 195, 'BJ', 'Badajoz'),
(2977, 195, 'IB', 'Baleares'),
(2978, 195, 'BA', 'Barcelona'),
(2979, 195, 'BU', 'Burgos'),
(2980, 195, 'CC', 'C&aacute;ceres'),
(2981, 195, 'CZ', 'C&aacute;diz'),
(2982, 195, 'CT', 'Cantabria'),
(2983, 195, 'CL', 'Castell&oacute;n'),
(2984, 195, 'CE', 'Ceuta'),
(2985, 195, 'CR', 'Ciudad Real'),
(2986, 195, 'CD', 'C&oacute;rdoba'),
(2987, 195, 'CU', 'Cuenca'),
(2988, 195, 'GI', 'Girona'),
(2989, 195, 'GD', 'Granada'),
(2990, 195, 'GJ', 'Guadalajara'),
(2991, 195, 'GP', 'Guip&uacute;zcoa'),
(2992, 195, 'HL', 'Huelva'),
(2993, 195, 'HS', 'Huesca'),
(2994, 195, 'JN', 'Ja&eacute;n'),
(2995, 195, 'RJ', 'La Rioja'),
(2996, 195, 'PM', 'Las Palmas'),
(2997, 195, 'LE', 'Leon'),
(2998, 195, 'LL', 'Lleida'),
(2999, 195, 'LG', 'Lugo'),
(3000, 195, 'MD', 'Madrid'),
(3001, 195, 'MA', 'Malaga'),
(3002, 195, 'ML', 'Melilla'),
(3003, 195, 'MU', 'Murcia'),
(3004, 195, 'NV', 'Navarra'),
(3005, 195, 'OU', 'Ourense'),
(3006, 195, 'PL', 'Palencia'),
(3007, 195, 'PO', 'Pontevedra'),
(3008, 195, 'SL', 'Salamanca'),
(3009, 195, 'SC', 'Santa Cruz de Tenerife'),
(3010, 195, 'SG', 'Segovia'),
(3011, 195, 'SV', 'Sevilla'),
(3012, 195, 'SO', 'Soria'),
(3013, 195, 'TA', 'Tarragona'),
(3014, 195, 'TE', 'Teruel'),
(3015, 195, 'TO', 'Toledo'),
(3016, 195, 'VC', 'Valencia'),
(3017, 195, 'VD', 'Valladolid'),
(3018, 195, 'VZ', 'Vizcaya'),
(3019, 195, 'ZM', 'Zamora'),
(3020, 195, 'ZR', 'Zaragoza'),
(3021, 196, 'CE', 'Central'),
(3022, 196, 'EA', 'Eastern'),
(3023, 196, 'NC', 'North Central'),
(3024, 196, 'NO', 'Northern'),
(3025, 196, 'NW', 'North Western'),
(3026, 196, 'SA', 'Sabaragamuwa'),
(3027, 196, 'SO', 'Southern'),
(3028, 196, 'UV', 'Uva'),
(3029, 196, 'WE', 'Western'),
(3030, 197, 'A', 'Ascension'),
(3031, 197, 'S', 'Saint Helena'),
(3032, 197, 'T', 'Tristan da Cunha'),
(3033, 199, 'ANL', 'A''ali an Nil'),
(3034, 199, 'BAM', 'Al Bahr al Ahmar'),
(3035, 199, 'BRT', 'Al Buhayrat'),
(3036, 199, 'JZR', 'Al Jazirah'),
(3037, 199, 'KRT', 'Al Khartum'),
(3038, 199, 'QDR', 'Al Qadarif'),
(3039, 199, 'WDH', 'Al Wahdah'),
(3040, 199, 'ANB', 'An Nil al Abyad'),
(3041, 199, 'ANZ', 'An Nil al Azraq'),
(3042, 199, 'ASH', 'Ash Shamaliyah'),
(3043, 199, 'BJA', 'Bahr al Jabal'),
(3044, 199, 'GIS', 'Gharb al Istiwa''iyah'),
(3045, 199, 'GBG', 'Gharb Bahr al Ghazal'),
(3046, 199, 'GDA', 'Gharb Darfur'),
(3047, 199, 'GKU', 'Gharb Kurdufan'),
(3048, 199, 'JDA', 'Janub Darfur'),
(3049, 199, 'JKU', 'Janub Kurdufan'),
(3050, 199, 'JQL', 'Junqali'),
(3051, 199, 'KSL', 'Kassala'),
(3052, 199, 'NNL', 'Nahr an Nil'),
(3053, 199, 'SBG', 'Shamal Bahr al Ghazal'),
(3054, 199, 'SDA', 'Shamal Darfur'),
(3055, 199, 'SKU', 'Shamal Kurdufan'),
(3056, 199, 'SIS', 'Sharq al Istiwa''iyah'),
(3057, 199, 'SNR', 'Sinnar'),
(3058, 199, 'WRB', 'Warab'),
(3059, 200, 'BR', 'Brokopondo'),
(3060, 200, 'CM', 'Commewijne'),
(3061, 200, 'CR', 'Coronie'),
(3062, 200, 'MA', 'Marowijne'),
(3063, 200, 'NI', 'Nickerie'),
(3064, 200, 'PA', 'Para'),
(3065, 200, 'PM', 'Paramaribo'),
(3066, 200, 'SA', 'Saramacca'),
(3067, 200, 'SI', 'Sipaliwini'),
(3068, 200, 'WA', 'Wanica'),
(3069, 202, 'H', 'Hhohho'),
(3070, 202, 'L', 'Lubombo'),
(3071, 202, 'M', 'Manzini'),
(3072, 202, 'S', 'Shishelweni'),
(3073, 203, 'K', 'Blekinge'),
(3074, 203, 'W', 'Dalama'),
(3075, 203, 'X', 'G&auml;vleborg'),
(3076, 203, 'I', 'Gotland'),
(3077, 203, 'N', 'Halland'),
(3078, 203, 'Z', 'J&auml;mtland'),
(3079, 203, 'F', 'J&ouml;nk&ouml;ping'),
(3080, 203, 'H', 'Kalmar'),
(3081, 203, 'G', 'Kronoberg'),
(3082, 203, 'BD', 'Norrbotten'),
(3083, 203, 'T', '&Ouml;rebro'),
(3084, 203, 'E', '&Ouml;sterg&ouml;tland'),
(3085, 203, 'M', 'Sk&aring;ne'),
(3086, 203, 'D', 'S&ouml;dermanland'),
(3087, 203, 'AB', 'Stockholm'),
(3088, 203, 'C', 'Uppsala'),
(3089, 203, 'S', 'V&auml;rmland'),
(3090, 203, 'AC', 'V&auml;sterbotten'),
(3091, 203, 'Y', 'V&auml;sternorrland'),
(3092, 203, 'U', 'V&auml;stmanland'),
(3093, 203, 'O', 'V&auml;stra G&ouml;taland'),
(3094, 204, 'AG', 'Aargau'),
(3095, 204, 'AR', 'Appenzell Ausserrhoden'),
(3096, 204, 'AI', 'Appenzell Innerrhoden'),
(3097, 204, 'BS', 'Basel-Stadt'),
(3098, 204, 'BL', 'Basel-Landschaft'),
(3099, 204, 'BE', 'Bern'),
(3100, 204, 'FR', 'Fribourg'),
(3101, 204, 'GE', 'Gen&egrave;ve'),
(3102, 204, 'GL', 'Glarus'),
(3103, 204, 'GR', 'Graub&uuml;nden'),
(3104, 204, 'JU', 'Jura'),
(3105, 204, 'LU', 'Luzern'),
(3106, 204, 'NE', 'Neuch&acirc;tel'),
(3107, 204, 'NW', 'Nidwald'),
(3108, 204, 'OW', 'Obwald'),
(3109, 204, 'SG', 'St. Gallen'),
(3110, 204, 'SH', 'Schaffhausen'),
(3111, 204, 'SZ', 'Schwyz'),
(3112, 204, 'SO', 'Solothurn'),
(3113, 204, 'TG', 'Thurgau'),
(3114, 204, 'TI', 'Ticino'),
(3115, 204, 'UR', 'Uri'),
(3116, 204, 'VS', 'Valais'),
(3117, 204, 'VD', 'Vaud'),
(3118, 204, 'ZG', 'Zug'),
(3119, 204, 'ZH', 'Z&uuml;rich'),
(3120, 205, 'HA', 'Al Hasakah'),
(3121, 205, 'LA', 'Al Ladhiqiyah'),
(3122, 205, 'QU', 'Al Qunaytirah'),
(3123, 205, 'RQ', 'Ar Raqqah'),
(3124, 205, 'SU', 'As Suwayda'),
(3125, 205, 'DA', 'Dara'),
(3126, 205, 'DZ', 'Dayr az Zawr'),
(3127, 205, 'DI', 'Dimashq'),
(3128, 205, 'HL', 'Halab'),
(3129, 205, 'HM', 'Hamah'),
(3130, 205, 'HI', 'Hims'),
(3131, 205, 'ID', 'Idlib'),
(3132, 205, 'RD', 'Rif Dimashq'),
(3133, 205, 'TA', 'Tartus'),
(3134, 206, 'CH', 'Chang-hua'),
(3135, 206, 'CI', 'Chia-i'),
(3136, 206, 'HS', 'Hsin-chu'),
(3137, 206, 'HL', 'Hua-lien'),
(3138, 206, 'IL', 'I-lan'),
(3139, 206, 'KH', 'Kao-hsiung county'),
(3140, 206, 'KM', 'Kin-men'),
(3141, 206, 'LC', 'Lien-chiang'),
(3142, 206, 'ML', 'Miao-li'),
(3143, 206, 'NT', 'Nan-t''ou'),
(3144, 206, 'PH', 'P''eng-hu'),
(3145, 206, 'PT', 'P''ing-tung'),
(3146, 206, 'TG', 'T''ai-chung'),
(3147, 206, 'TA', 'T''ai-nan'),
(3148, 206, 'TP', 'T''ai-pei county'),
(3149, 206, 'TT', 'T''ai-tung'),
(3150, 206, 'TY', 'T''ao-yuan'),
(3151, 206, 'YL', 'Yun-lin'),
(3152, 206, 'CC', 'Chia-i city'),
(3153, 206, 'CL', 'Chi-lung'),
(3154, 206, 'HC', 'Hsin-chu'),
(3155, 206, 'TH', 'T''ai-chung'),
(3156, 206, 'TN', 'T''ai-nan'),
(3157, 206, 'KC', 'Kao-hsiung city'),
(3158, 206, 'TC', 'T''ai-pei city'),
(3159, 207, 'GB', 'Gorno-Badakhstan'),
(3160, 207, 'KT', 'Khatlon'),
(3161, 207, 'SU', 'Sughd'),
(3162, 208, 'AR', 'Arusha'),
(3163, 208, 'DS', 'Dar es Salaam'),
(3164, 208, 'DO', 'Dodoma'),
(3165, 208, 'IR', 'Iringa'),
(3166, 208, 'KA', 'Kagera'),
(3167, 208, 'KI', 'Kigoma'),
(3168, 208, 'KJ', 'Kilimanjaro'),
(3169, 208, 'LN', 'Lindi'),
(3170, 208, 'MY', 'Manyara'),
(3171, 208, 'MR', 'Mara'),
(3172, 208, 'MB', 'Mbeya'),
(3173, 208, 'MO', 'Morogoro'),
(3174, 208, 'MT', 'Mtwara'),
(3175, 208, 'MW', 'Mwanza'),
(3176, 208, 'PN', 'Pemba North'),
(3177, 208, 'PS', 'Pemba South'),
(3178, 208, 'PW', 'Pwani'),
(3179, 208, 'RK', 'Rukwa'),
(3180, 208, 'RV', 'Ruvuma'),
(3181, 208, 'SH', 'Shinyanga'),
(3182, 208, 'SI', 'Singida'),
(3183, 208, 'TB', 'Tabora'),
(3184, 208, 'TN', 'Tanga'),
(3185, 208, 'ZC', 'Zanzibar Central/South'),
(3186, 208, 'ZN', 'Zanzibar North'),
(3187, 208, 'ZU', 'Zanzibar Urban/West'),
(3188, 209, 'Amnat Charoen', 'Amnat Charoen'),
(3189, 209, 'Ang Thong', 'Ang Thong'),
(3190, 209, 'Ayutthaya', 'Ayutthaya'),
(3191, 209, 'Bangkok', 'Bangkok'),
(3192, 209, 'Buriram', 'Buriram'),
(3193, 209, 'Chachoengsao', 'Chachoengsao'),
(3194, 209, 'Chai Nat', 'Chai Nat'),
(3195, 209, 'Chaiyaphum', 'Chaiyaphum'),
(3196, 209, 'Chanthaburi', 'Chanthaburi'),
(3197, 209, 'Chiang Mai', 'Chiang Mai'),
(3198, 209, 'Chiang Rai', 'Chiang Rai'),
(3199, 209, 'Chon Buri', 'Chon Buri'),
(3200, 209, 'Chumphon', 'Chumphon'),
(3201, 209, 'Kalasin', 'Kalasin'),
(3202, 209, 'Kamphaeng Phet', 'Kamphaeng Phet'),
(3203, 209, 'Kanchanaburi', 'Kanchanaburi'),
(3204, 209, 'Khon Kaen', 'Khon Kaen'),
(3205, 209, 'Krabi', 'Krabi'),
(3206, 209, 'Lampang', 'Lampang'),
(3207, 209, 'Lamphun', 'Lamphun'),
(3208, 209, 'Loei', 'Loei'),
(3209, 209, 'Lop Buri', 'Lop Buri'),
(3210, 209, 'Mae Hong Son', 'Mae Hong Son'),
(3211, 209, 'Maha Sarakham', 'Maha Sarakham'),
(3212, 209, 'Mukdahan', 'Mukdahan'),
(3213, 209, 'Nakhon Nayok', 'Nakhon Nayok'),
(3214, 209, 'Nakhon Pathom', 'Nakhon Pathom'),
(3215, 209, 'Nakhon Phanom', 'Nakhon Phanom'),
(3216, 209, 'Nakhon Ratchasima', 'Nakhon Ratchasima'),
(3217, 209, 'Nakhon Sawan', 'Nakhon Sawan'),
(3218, 209, 'Nakhon Si Thammarat', 'Nakhon Si Thammarat'),
(3219, 209, 'Nan', 'Nan'),
(3220, 209, 'Narathiwat', 'Narathiwat'),
(3221, 209, 'Nong Bua Lamphu', 'Nong Bua Lamphu'),
(3222, 209, 'Nong Khai', 'Nong Khai'),
(3223, 209, 'Nonthaburi', 'Nonthaburi'),
(3224, 209, 'Pathum Thani', 'Pathum Thani'),
(3225, 209, 'Pattani', 'Pattani'),
(3226, 209, 'Phangnga', 'Phangnga'),
(3227, 209, 'Phatthalung', 'Phatthalung'),
(3228, 209, 'Phayao', 'Phayao'),
(3229, 209, 'Phetchabun', 'Phetchabun'),
(3230, 209, 'Phetchaburi', 'Phetchaburi'),
(3231, 209, 'Phichit', 'Phichit'),
(3232, 209, 'Phitsanulok', 'Phitsanulok'),
(3233, 209, 'Phrae', 'Phrae'),
(3234, 209, 'Phuket', 'Phuket'),
(3235, 209, 'Prachin Buri', 'Prachin Buri'),
(3236, 209, 'Prachuap Khiri Khan', 'Prachuap Khiri Khan'),
(3237, 209, 'Ranong', 'Ranong'),
(3238, 209, 'Ratchaburi', 'Ratchaburi'),
(3239, 209, 'Rayong', 'Rayong'),
(3240, 209, 'Roi Et', 'Roi Et'),
(3241, 209, 'Sa Kaeo', 'Sa Kaeo'),
(3242, 209, 'Sakon Nakhon', 'Sakon Nakhon'),
(3243, 209, 'Samut Prakan', 'Samut Prakan'),
(3244, 209, 'Samut Sakhon', 'Samut Sakhon'),
(3245, 209, 'Samut Songkhram', 'Samut Songkhram'),
(3246, 209, 'Sara Buri', 'Sara Buri'),
(3247, 209, 'Satun', 'Satun'),
(3248, 209, 'Sing Buri', 'Sing Buri'),
(3249, 209, 'Sisaket', 'Sisaket'),
(3250, 209, 'Songkhla', 'Songkhla'),
(3251, 209, 'Sukhothai', 'Sukhothai'),
(3252, 209, 'Suphan Buri', 'Suphan Buri'),
(3253, 209, 'Surat Thani', 'Surat Thani'),
(3254, 209, 'Surin', 'Surin'),
(3255, 209, 'Tak', 'Tak'),
(3256, 209, 'Trang', 'Trang'),
(3257, 209, 'Trat', 'Trat'),
(3258, 209, 'Ubon Ratchathani', 'Ubon Ratchathani'),
(3259, 209, 'Udon Thani', 'Udon Thani'),
(3260, 209, 'Uthai Thani', 'Uthai Thani'),
(3261, 209, 'Uttaradit', 'Uttaradit'),
(3262, 209, 'Yala', 'Yala'),
(3263, 209, 'Yasothon', 'Yasothon'),
(3264, 210, 'K', 'Kara'),
(3265, 210, 'P', 'Plateaux'),
(3266, 210, 'S', 'Savanes'),
(3267, 210, 'C', 'Centrale'),
(3268, 210, 'M', 'Maritime'),
(3269, 211, 'A', 'Atafu'),
(3270, 211, 'F', 'Fakaofo'),
(3271, 211, 'N', 'Nukunonu'),
(3272, 212, 'H', 'Ha''apai'),
(3273, 212, 'T', 'Tongatapu'),
(3274, 212, 'V', 'Vava''u'),
(3275, 213, 'CT', 'Couva/Tabaquite/Talparo'),
(3276, 213, 'DM', 'Diego Martin'),
(3277, 213, 'MR', 'Mayaro/Rio Claro'),
(3278, 213, 'PD', 'Penal/Debe'),
(3279, 213, 'PT', 'Princes Town'),
(3280, 213, 'SG', 'Sangre Grande'),
(3281, 213, 'SL', 'San Juan/Laventille'),
(3282, 213, 'SI', 'Siparia'),
(3283, 213, 'TP', 'Tunapuna/Piarco'),
(3284, 213, 'PS', 'Port of Spain'),
(3285, 213, 'SF', 'San Fernando'),
(3286, 213, 'AR', 'Arima'),
(3287, 213, 'PF', 'Point Fortin'),
(3288, 213, 'CH', 'Chaguanas'),
(3289, 213, 'TO', 'Tobago'),
(3290, 214, 'AR', 'Ariana'),
(3291, 214, 'BJ', 'Beja'),
(3292, 214, 'BA', 'Ben Arous'),
(3293, 214, 'BI', 'Bizerte'),
(3294, 214, 'GB', 'Gabes'),
(3295, 214, 'GF', 'Gafsa'),
(3296, 214, 'JE', 'Jendouba'),
(3297, 214, 'KR', 'Kairouan'),
(3298, 214, 'KS', 'Kasserine'),
(3299, 214, 'KB', 'Kebili'),
(3300, 214, 'KF', 'Kef'),
(3301, 214, 'MH', 'Mahdia'),
(3302, 214, 'MN', 'Manouba'),
(3303, 214, 'ME', 'Medenine'),
(3304, 214, 'MO', 'Monastir'),
(3305, 214, 'NA', 'Nabeul'),
(3306, 214, 'SF', 'Sfax'),
(3307, 214, 'SD', 'Sidi'),
(3308, 214, 'SL', 'Siliana'),
(3309, 214, 'SO', 'Sousse'),
(3310, 214, 'TA', 'Tataouine'),
(3311, 214, 'TO', 'Tozeur'),
(3312, 214, 'TU', 'Tunis'),
(3313, 214, 'ZA', 'Zaghouan'),
(3314, 215, 'ADA', 'Adana'),
(3315, 215, 'ADI', 'Adiyaman'),
(3316, 215, 'AFY', 'Afyonkarahisar'),
(3317, 215, 'AGR', 'Agri'),
(3318, 215, 'AKS', 'Aksaray'),
(3319, 215, 'AMA', 'Amasya'),
(3320, 215, 'ANK', 'Ankara');
INSERT INTO `zone` (`zone_id`, `country_id`, `code`, `name`) VALUES
(3321, 215, 'ANT', 'Antalya'),
(3322, 215, 'ARD', 'Ardahan'),
(3323, 215, 'ART', 'Artvin'),
(3324, 215, 'AYI', 'Aydin'),
(3325, 215, 'BAL', 'Balikesir'),
(3326, 215, 'BAR', 'Bartin'),
(3327, 215, 'BAT', 'Batman'),
(3328, 215, 'BAY', 'Bayburt'),
(3329, 215, 'BIL', 'Bilecik'),
(3330, 215, 'BIN', 'Bingol'),
(3331, 215, 'BIT', 'Bitlis'),
(3332, 215, 'BOL', 'Bolu'),
(3333, 215, 'BRD', 'Burdur'),
(3334, 215, 'BRS', 'Bursa'),
(3335, 215, 'CKL', 'Canakkale'),
(3336, 215, 'CKR', 'Cankiri'),
(3337, 215, 'COR', 'Corum'),
(3338, 215, 'DEN', 'Denizli'),
(3339, 215, 'DIY', 'Diyarbakir'),
(3340, 215, 'DUZ', 'Duzce'),
(3341, 215, 'EDI', 'Edirne'),
(3342, 215, 'ELA', 'Elazig'),
(3343, 215, 'EZC', 'Erzincan'),
(3344, 215, 'EZR', 'Erzurum'),
(3345, 215, 'ESK', 'Eskisehir'),
(3346, 215, 'GAZ', 'Gaziantep'),
(3347, 215, 'GIR', 'Giresun'),
(3348, 215, 'GMS', 'Gumushane'),
(3349, 215, 'HKR', 'Hakkari'),
(3350, 215, 'HTY', 'Hatay'),
(3351, 215, 'IGD', 'Igdir'),
(3352, 215, 'ISP', 'Isparta'),
(3353, 215, 'IST', 'Istanbul'),
(3354, 215, 'IZM', 'Izmir'),
(3355, 215, 'KAH', 'Kahramanmaras'),
(3356, 215, 'KRB', 'Karabuk'),
(3357, 215, 'KRM', 'Karaman'),
(3358, 215, 'KRS', 'Kars'),
(3359, 215, 'KAS', 'Kastamonu'),
(3360, 215, 'KAY', 'Kayseri'),
(3361, 215, 'KLS', 'Kilis'),
(3362, 215, 'KRK', 'Kirikkale'),
(3363, 215, 'KLR', 'Kirklareli'),
(3364, 215, 'KRH', 'Kirsehir'),
(3365, 215, 'KOC', 'Kocaeli'),
(3366, 215, 'KON', 'Konya'),
(3367, 215, 'KUT', 'Kutahya'),
(3368, 215, 'MAL', 'Malatya'),
(3369, 215, 'MAN', 'Manisa'),
(3370, 215, 'MAR', 'Mardin'),
(3371, 215, 'MER', 'Mersin'),
(3372, 215, 'MUG', 'Mugla'),
(3373, 215, 'MUS', 'Mus'),
(3374, 215, 'NEV', 'Nevsehir'),
(3375, 215, 'NIG', 'Nigde'),
(3376, 215, 'ORD', 'Ordu'),
(3377, 215, 'OSM', 'Osmaniye'),
(3378, 215, 'RIZ', 'Rize'),
(3379, 215, 'SAK', 'Sakarya'),
(3380, 215, 'SAM', 'Samsun'),
(3381, 215, 'SAN', 'Sanliurfa'),
(3382, 215, 'SII', 'Siirt'),
(3383, 215, 'SIN', 'Sinop'),
(3384, 215, 'SIR', 'Sirnak'),
(3385, 215, 'SIV', 'Sivas'),
(3386, 215, 'TEL', 'Tekirdag'),
(3387, 215, 'TOK', 'Tokat'),
(3388, 215, 'TRA', 'Trabzon'),
(3389, 215, 'TUN', 'Tunceli'),
(3390, 215, 'USK', 'Usak'),
(3391, 215, 'VAN', 'Van'),
(3392, 215, 'YAL', 'Yalova'),
(3393, 215, 'YOZ', 'Yozgat'),
(3394, 215, 'ZON', 'Zonguldak'),
(3395, 216, 'A', 'Ahal Welayaty'),
(3396, 216, 'B', 'Balkan Welayaty'),
(3397, 216, 'D', 'Dashhowuz Welayaty'),
(3398, 216, 'L', 'Lebap Welayaty'),
(3399, 216, 'M', 'Mary Welayaty'),
(3400, 217, 'AC', 'Ambergris Cays'),
(3401, 217, 'DC', 'Dellis Cay'),
(3402, 217, 'FC', 'French Cay'),
(3403, 217, 'LW', 'Little Water Cay'),
(3404, 217, 'RC', 'Parrot Cay'),
(3405, 217, 'PN', 'Pine Cay'),
(3406, 217, 'SL', 'Salt Cay'),
(3407, 217, 'GT', 'Grand Turk'),
(3408, 217, 'SC', 'South Caicos'),
(3409, 217, 'EC', 'East Caicos'),
(3410, 217, 'MC', 'Middle Caicos'),
(3411, 217, 'NC', 'North Caicos'),
(3412, 217, 'PR', 'Providenciales'),
(3413, 217, 'WC', 'West Caicos'),
(3414, 218, 'NMG', 'Nanumanga'),
(3415, 218, 'NLK', 'Niulakita'),
(3416, 218, 'NTO', 'Niutao'),
(3417, 218, 'FUN', 'Funafuti'),
(3418, 218, 'NME', 'Nanumea'),
(3419, 218, 'NUI', 'Nui'),
(3420, 218, 'NFT', 'Nukufetau'),
(3421, 218, 'NLL', 'Nukulaelae'),
(3422, 218, 'VAI', 'Vaitupu'),
(3423, 219, 'KAL', 'Kalangala'),
(3424, 219, 'KMP', 'Kampala'),
(3425, 219, 'KAY', 'Kayunga'),
(3426, 219, 'KIB', 'Kiboga'),
(3427, 219, 'LUW', 'Luwero'),
(3428, 219, 'MAS', 'Masaka'),
(3429, 219, 'MPI', 'Mpigi'),
(3430, 219, 'MUB', 'Mubende'),
(3431, 219, 'MUK', 'Mukono'),
(3432, 219, 'NKS', 'Nakasongola'),
(3433, 219, 'RAK', 'Rakai'),
(3434, 219, 'SEM', 'Sembabule'),
(3435, 219, 'WAK', 'Wakiso'),
(3436, 219, 'BUG', 'Bugiri'),
(3437, 219, 'BUS', 'Busia'),
(3438, 219, 'IGA', 'Iganga'),
(3439, 219, 'JIN', 'Jinja'),
(3440, 219, 'KAB', 'Kaberamaido'),
(3441, 219, 'KML', 'Kamuli'),
(3442, 219, 'KPC', 'Kapchorwa'),
(3443, 219, 'KTK', 'Katakwi'),
(3444, 219, 'KUM', 'Kumi'),
(3445, 219, 'MAY', 'Mayuge'),
(3446, 219, 'MBA', 'Mbale'),
(3447, 219, 'PAL', 'Pallisa'),
(3448, 219, 'SIR', 'Sironko'),
(3449, 219, 'SOR', 'Soroti'),
(3450, 219, 'TOR', 'Tororo'),
(3451, 219, 'ADJ', 'Adjumani'),
(3452, 219, 'APC', 'Apac'),
(3453, 219, 'ARU', 'Arua'),
(3454, 219, 'GUL', 'Gulu'),
(3455, 219, 'KIT', 'Kitgum'),
(3456, 219, 'KOT', 'Kotido'),
(3457, 219, 'LIR', 'Lira'),
(3458, 219, 'MRT', 'Moroto'),
(3459, 219, 'MOY', 'Moyo'),
(3460, 219, 'NAK', 'Nakapiripirit'),
(3461, 219, 'NEB', 'Nebbi'),
(3462, 219, 'PAD', 'Pader'),
(3463, 219, 'YUM', 'Yumbe'),
(3464, 219, 'BUN', 'Bundibugyo'),
(3465, 219, 'BSH', 'Bushenyi'),
(3466, 219, 'HOI', 'Hoima'),
(3467, 219, 'KBL', 'Kabale'),
(3468, 219, 'KAR', 'Kabarole'),
(3469, 219, 'KAM', 'Kamwenge'),
(3470, 219, 'KAN', 'Kanungu'),
(3471, 219, 'KAS', 'Kasese'),
(3472, 219, 'KBA', 'Kibaale'),
(3473, 219, 'KIS', 'Kisoro'),
(3474, 219, 'KYE', 'Kyenjojo'),
(3475, 219, 'MSN', 'Masindi'),
(3476, 219, 'MBR', 'Mbarara'),
(3477, 219, 'NTU', 'Ntungamo'),
(3478, 219, 'RUK', 'Rukungiri'),
(3479, 220, 'CK', 'Cherkasy'),
(3480, 220, 'CH', 'Chernihiv'),
(3481, 220, 'CV', 'Chernivtsi'),
(3482, 220, 'CR', 'Crimea'),
(3483, 220, 'DN', 'Dnipropetrovs''k'),
(3484, 220, 'DO', 'Donets''k'),
(3485, 220, 'IV', 'Ivano-Frankivs''k'),
(3486, 220, 'KL', 'Kharkiv Kherson'),
(3487, 220, 'KM', 'Khmel''nyts''kyy'),
(3488, 220, 'KR', 'Kirovohrad'),
(3489, 220, 'KV', 'Kiev'),
(3490, 220, 'KY', 'Kyyiv'),
(3491, 220, 'LU', 'Luhans''k'),
(3492, 220, 'LV', 'L''viv'),
(3493, 220, 'MY', 'Mykolayiv'),
(3494, 220, 'OD', 'Odesa'),
(3495, 220, 'PO', 'Poltava'),
(3496, 220, 'RI', 'Rivne'),
(3497, 220, 'SE', 'Sevastopol'),
(3498, 220, 'SU', 'Sumy'),
(3499, 220, 'TE', 'Ternopil'''),
(3500, 220, 'VI', 'Vinnytsya'),
(3501, 220, 'VO', 'Volyn'''),
(3502, 220, 'ZK', 'Zakarpattya'),
(3503, 220, 'ZA', 'Zaporizhzhya'),
(3504, 220, 'ZH', 'Zhytomyr'),
(3505, 221, 'AZ', 'Abu Zaby'),
(3506, 221, 'AJ', '''Ajman'),
(3507, 221, 'FU', 'Al Fujayrah'),
(3508, 221, 'SH', 'Ash Shariqah'),
(3509, 221, 'DU', 'Dubayy'),
(3510, 221, 'RK', 'R''as al Khaymah'),
(3511, 221, 'UQ', 'Umm al Qaywayn'),
(3512, 222, 'ABN', 'Aberdeen'),
(3513, 222, 'ABNS', 'Aberdeenshire'),
(3514, 222, 'ANG', 'Anglesey'),
(3515, 222, 'AGS', 'Angus'),
(3516, 222, 'ARY', 'Argyll and Bute'),
(3517, 222, 'BEDS', 'Bedfordshire'),
(3518, 222, 'BERKS', 'Berkshire'),
(3519, 222, 'BLA', 'Blaenau Gwent'),
(3520, 222, 'BRI', 'Bridgend'),
(3521, 222, 'BSTL', 'Bristol'),
(3522, 222, 'BUCKS', 'Buckinghamshire'),
(3523, 222, 'CAE', 'Caerphilly'),
(3524, 222, 'CAMBS', 'Cambridgeshire'),
(3525, 222, 'CDF', 'Cardiff'),
(3526, 222, 'CARM', 'Carmarthenshire'),
(3527, 222, 'CDGN', 'Ceredigion'),
(3528, 222, 'CHES', 'Cheshire'),
(3529, 222, 'CLACK', 'Clackmannanshire'),
(3530, 222, 'CON', 'Conwy'),
(3531, 222, 'CORN', 'Cornwall'),
(3532, 222, 'DNBG', 'Denbighshire'),
(3533, 222, 'DERBY', 'Derbyshire'),
(3534, 222, 'DVN', 'Devon'),
(3535, 222, 'DOR', 'Dorset'),
(3536, 222, 'DGL', 'Dumfries and Galloway'),
(3537, 222, 'DUND', 'Dundee'),
(3538, 222, 'DHM', 'Durham'),
(3539, 222, 'ARYE', 'East Ayrshire'),
(3540, 222, 'DUNBE', 'East Dunbartonshire'),
(3541, 222, 'LOTE', 'East Lothian'),
(3542, 222, 'RENE', 'East Renfrewshire'),
(3543, 222, 'ERYS', 'East Riding of Yorkshire'),
(3544, 222, 'SXE', 'East Sussex'),
(3545, 222, 'EDIN', 'Edinburgh'),
(3546, 222, 'ESX', 'Essex'),
(3547, 222, 'FALK', 'Falkirk'),
(3548, 222, 'FFE', 'Fife'),
(3549, 222, 'FLINT', 'Flintshire'),
(3550, 222, 'GLAS', 'Glasgow'),
(3551, 222, 'GLOS', 'Gloucestershire'),
(3552, 222, 'LDN', 'Greater London'),
(3553, 222, 'MCH', 'Greater Manchester'),
(3554, 222, 'GDD', 'Gwynedd'),
(3555, 222, 'HANTS', 'Hampshire'),
(3556, 222, 'HWR', 'Herefordshire'),
(3557, 222, 'HERTS', 'Hertfordshire'),
(3558, 222, 'HLD', 'Highlands'),
(3559, 222, 'IVER', 'Inverclyde'),
(3560, 222, 'IOW', 'Isle of Wight'),
(3561, 222, 'KNT', 'Kent'),
(3562, 222, 'LANCS', 'Lancashire'),
(3563, 222, 'LEICS', 'Leicestershire'),
(3564, 222, 'LINCS', 'Lincolnshire'),
(3565, 222, 'MSY', 'Merseyside'),
(3566, 222, 'MERT', 'Merthyr Tydfil'),
(3567, 222, 'MLOT', 'Midlothian'),
(3568, 222, 'MMOUTH', 'Monmouthshire'),
(3569, 222, 'MORAY', 'Moray'),
(3570, 222, 'NPRTAL', 'Neath Port Talbot'),
(3571, 222, 'NEWPT', 'Newport'),
(3572, 222, 'NOR', 'Norfolk'),
(3573, 222, 'ARYN', 'North Ayrshire'),
(3574, 222, 'LANN', 'North Lanarkshire'),
(3575, 222, 'YSN', 'North Yorkshire'),
(3576, 222, 'NHM', 'Northamptonshire'),
(3577, 222, 'NLD', 'Northumberland'),
(3578, 222, 'NOT', 'Nottinghamshire'),
(3579, 222, 'ORK', 'Orkney Islands'),
(3580, 222, 'OFE', 'Oxfordshire'),
(3581, 222, 'PEM', 'Pembrokeshire'),
(3582, 222, 'PERTH', 'Perth and Kinross'),
(3583, 222, 'PWS', 'Powys'),
(3584, 222, 'REN', 'Renfrewshire'),
(3585, 222, 'RHON', 'Rhondda Cynon Taff'),
(3586, 222, 'RUT', 'Rutland'),
(3587, 222, 'BOR', 'Scottish Borders'),
(3588, 222, 'SHET', 'Shetland Islands'),
(3589, 222, 'SPE', 'Shropshire'),
(3590, 222, 'SOM', 'Somerset'),
(3591, 222, 'ARYS', 'South Ayrshire'),
(3592, 222, 'LANS', 'South Lanarkshire'),
(3593, 222, 'YSS', 'South Yorkshire'),
(3594, 222, 'SFD', 'Staffordshire'),
(3595, 222, 'STIR', 'Stirling'),
(3596, 222, 'SFK', 'Suffolk'),
(3597, 222, 'SRY', 'Surrey'),
(3598, 222, 'SWAN', 'Swansea'),
(3599, 222, 'TORF', 'Torfaen'),
(3600, 222, 'TWR', 'Tyne and Wear'),
(3601, 222, 'VGLAM', 'Vale of Glamorgan'),
(3602, 222, 'WARKS', 'Warwickshire'),
(3603, 222, 'WDUN', 'West Dunbartonshire'),
(3604, 222, 'WLOT', 'West Lothian'),
(3605, 222, 'WMD', 'West Midlands'),
(3606, 222, 'SXW', 'West Sussex'),
(3607, 222, 'YSW', 'West Yorkshire'),
(3608, 222, 'WIL', 'Western Isles'),
(3609, 222, 'WLT', 'Wiltshire'),
(3610, 222, 'WORCS', 'Worcestershire'),
(3611, 222, 'WRX', 'Wrexham'),
(3612, 223, 'AL', 'Alabama'),
(3613, 223, 'AK', 'Alaska'),
(3614, 223, 'AS', 'American Samoa'),
(3615, 223, 'AZ', 'Arizona'),
(3616, 223, 'AR', 'Arkansas'),
(3617, 223, 'AF', 'Armed Forces Africa'),
(3618, 223, 'AA', 'Armed Forces Americas'),
(3619, 223, 'AC', 'Armed Forces Canada'),
(3620, 223, 'AE', 'Armed Forces Europe'),
(3621, 223, 'AM', 'Armed Forces Middle East'),
(3622, 223, 'AP', 'Armed Forces Pacific'),
(3623, 223, 'CA', 'California'),
(3624, 223, 'CO', 'Colorado'),
(3625, 223, 'CT', 'Connecticut'),
(3626, 223, 'DE', 'Delaware'),
(3627, 223, 'DC', 'District of Columbia'),
(3628, 223, 'FM', 'Federated States Of Micronesia'),
(3629, 223, 'FL', 'Florida'),
(3630, 223, 'GA', 'Georgia'),
(3631, 223, 'GU', 'Guam'),
(3632, 223, 'HI', 'Hawaii'),
(3633, 223, 'ID', 'Idaho'),
(3634, 223, 'IL', 'Illinois'),
(3635, 223, 'IN', 'Indiana'),
(3636, 223, 'IA', 'Iowa'),
(3637, 223, 'KS', 'Kansas'),
(3638, 223, 'KY', 'Kentucky'),
(3639, 223, 'LA', 'Louisiana'),
(3640, 223, 'ME', 'Maine'),
(3641, 223, 'MH', 'Marshall Islands'),
(3642, 223, 'MD', 'Maryland'),
(3643, 223, 'MA', 'Massachusetts'),
(3644, 223, 'MI', 'Michigan'),
(3645, 223, 'MN', 'Minnesota'),
(3646, 223, 'MS', 'Mississippi'),
(3647, 223, 'MO', 'Missouri'),
(3648, 223, 'MT', 'Montana'),
(3649, 223, 'NE', 'Nebraska'),
(3650, 223, 'NV', 'Nevada'),
(3651, 223, 'NH', 'New Hampshire'),
(3652, 223, 'NJ', 'New Jersey'),
(3653, 223, 'NM', 'New Mexico'),
(3654, 223, 'NY', 'New York'),
(3655, 223, 'NC', 'North Carolina'),
(3656, 223, 'ND', 'North Dakota'),
(3657, 223, 'MP', 'Northern Mariana Islands'),
(3658, 223, 'OH', 'Ohio'),
(3659, 223, 'OK', 'Oklahoma'),
(3660, 223, 'OR', 'Oregon'),
(3661, 223, 'PW', 'Palau'),
(3662, 223, 'PA', 'Pennsylvania'),
(3663, 223, 'PR', 'Puerto Rico'),
(3664, 223, 'RI', 'Rhode Island'),
(3665, 223, 'SC', 'South Carolina'),
(3666, 223, 'SD', 'South Dakota'),
(3667, 223, 'TN', 'Tennessee'),
(3668, 223, 'TX', 'Texas'),
(3669, 223, 'UT', 'Utah'),
(3670, 223, 'VT', 'Vermont'),
(3671, 223, 'VI', 'Virgin Islands'),
(3672, 223, 'VA', 'Virginia'),
(3673, 223, 'WA', 'Washington'),
(3674, 223, 'WV', 'West Virginia'),
(3675, 223, 'WI', 'Wisconsin'),
(3676, 223, 'WY', 'Wyoming'),
(3677, 224, 'BI', 'Baker Island'),
(3678, 224, 'HI', 'Howland Island'),
(3679, 224, 'JI', 'Jarvis Island'),
(3680, 224, 'JA', 'Johnston Atoll'),
(3681, 224, 'KR', 'Kingman Reef'),
(3682, 224, 'MA', 'Midway Atoll'),
(3683, 224, 'NI', 'Navassa Island'),
(3684, 224, 'PA', 'Palmyra Atoll'),
(3685, 224, 'WI', 'Wake Island'),
(3686, 225, 'AR', 'Artigas'),
(3687, 225, 'CA', 'Canelones'),
(3688, 225, 'CL', 'Cerro Largo'),
(3689, 225, 'CO', 'Colonia'),
(3690, 225, 'DU', 'Durazno'),
(3691, 225, 'FS', 'Flores'),
(3692, 225, 'FA', 'Florida'),
(3693, 225, 'LA', 'Lavalleja'),
(3694, 225, 'MA', 'Maldonado'),
(3695, 225, 'MO', 'Montevideo'),
(3696, 225, 'PA', 'Paysandu'),
(3697, 225, 'RN', 'Rio Negro'),
(3698, 225, 'RV', 'Rivera'),
(3699, 225, 'RO', 'Rocha'),
(3700, 225, 'SL', 'Salto'),
(3701, 225, 'SJ', 'San Jose'),
(3702, 225, 'SO', 'Soriano'),
(3703, 225, 'TA', 'Tacuarembo'),
(3704, 225, 'TT', 'Treinta y Tres'),
(3705, 226, 'AN', 'Andijon'),
(3706, 226, 'BU', 'Buxoro'),
(3707, 226, 'FA', 'Farg''ona'),
(3708, 226, 'JI', 'Jizzax'),
(3709, 226, 'NG', 'Namangan'),
(3710, 226, 'NW', 'Navoiy'),
(3711, 226, 'QA', 'Qashqadaryo'),
(3712, 226, 'QR', 'Qoraqalpog''iston Republikasi'),
(3713, 226, 'SA', 'Samarqand'),
(3714, 226, 'SI', 'Sirdaryo'),
(3715, 226, 'SU', 'Surxondaryo'),
(3716, 226, 'TK', 'Toshkent City'),
(3717, 226, 'TO', 'Toshkent Region'),
(3718, 226, 'XO', 'Xorazm'),
(3719, 227, 'MA', 'Malampa'),
(3720, 227, 'PE', 'Penama'),
(3721, 227, 'SA', 'Sanma'),
(3722, 227, 'SH', 'Shefa'),
(3723, 227, 'TA', 'Tafea'),
(3724, 227, 'TO', 'Torba'),
(3725, 229, 'AM', 'Amazonas'),
(3726, 229, 'AN', 'Anzoategui'),
(3727, 229, 'AP', 'Apure'),
(3728, 229, 'AR', 'Aragua'),
(3729, 229, 'BA', 'Barinas'),
(3730, 229, 'BO', 'Bolivar'),
(3731, 229, 'CA', 'Carabobo'),
(3732, 229, 'CO', 'Cojedes'),
(3733, 229, 'DA', 'Delta Amacuro'),
(3734, 229, 'DF', 'Dependencias Federales'),
(3735, 229, 'DI', 'Distrito Federal'),
(3736, 229, 'FA', 'Falcon'),
(3737, 229, 'GU', 'Guarico'),
(3738, 229, 'LA', 'Lara'),
(3739, 229, 'ME', 'Merida'),
(3740, 229, 'MI', 'Miranda'),
(3741, 229, 'MO', 'Monagas'),
(3742, 229, 'NE', 'Nueva Esparta'),
(3743, 229, 'PO', 'Portuguesa'),
(3744, 229, 'SU', 'Sucre'),
(3745, 229, 'TA', 'Tachira'),
(3746, 229, 'TR', 'Trujillo'),
(3747, 229, 'VA', 'Vargas'),
(3748, 229, 'YA', 'Yaracuy'),
(3749, 229, 'ZU', 'Zulia'),
(3750, 230, 'AG', 'An Giang'),
(3751, 230, 'BG', 'Bac Giang'),
(3752, 230, 'BK', 'Bac Kan'),
(3753, 230, 'BL', 'Bac Lieu'),
(3754, 230, 'BC', 'Bac Ninh'),
(3755, 230, 'BR', 'Ba Ria-Vung Tau'),
(3756, 230, 'BN', 'Ben Tre'),
(3757, 230, 'BH', 'Binh Dinh'),
(3758, 230, 'BU', 'Binh Duong'),
(3759, 230, 'BP', 'Binh Phuoc'),
(3760, 230, 'BT', 'Binh Thuan'),
(3761, 230, 'CM', 'Ca Mau'),
(3762, 230, 'CT', 'Can Tho'),
(3763, 230, 'CB', 'Cao Bang'),
(3764, 230, 'DL', 'Dak Lak'),
(3765, 230, 'DG', 'Dak Nong'),
(3766, 230, 'DN', 'Da Nang'),
(3767, 230, 'DB', 'Dien Bien'),
(3768, 230, 'DI', 'Dong Nai'),
(3769, 230, 'DT', 'Dong Thap'),
(3770, 230, 'GL', 'Gia Lai'),
(3771, 230, 'HG', 'Ha Giang'),
(3772, 230, 'HD', 'Hai Duong'),
(3773, 230, 'HP', 'Hai Phong'),
(3774, 230, 'HM', 'Ha Nam'),
(3775, 230, 'HI', 'Ha Noi'),
(3776, 230, 'HT', 'Ha Tay'),
(3777, 230, 'HH', 'Ha Tinh'),
(3778, 230, 'HB', 'Hoa Binh'),
(3779, 230, 'HC', 'Ho Chi Minh City'),
(3780, 230, 'HU', 'Hau Giang'),
(3781, 230, 'HY', 'Hung Yen'),
(3782, 232, 'C', 'Saint Croix'),
(3783, 232, 'J', 'Saint John'),
(3784, 232, 'T', 'Saint Thomas'),
(3785, 233, 'A', 'Alo'),
(3786, 233, 'S', 'Sigave'),
(3787, 233, 'W', 'Wallis'),
(3788, 235, 'AB', 'Abyan'),
(3789, 235, 'AD', 'Adan'),
(3790, 235, 'AM', 'Amran'),
(3791, 235, 'BA', 'Al Bayda'),
(3792, 235, 'DA', 'Ad Dali'),
(3793, 235, 'DH', 'Dhamar'),
(3794, 235, 'HD', 'Hadramawt'),
(3795, 235, 'HJ', 'Hajjah'),
(3796, 235, 'HU', 'Al Hudaydah'),
(3797, 235, 'IB', 'Ibb'),
(3798, 235, 'JA', 'Al Jawf'),
(3799, 235, 'LA', 'Lahij'),
(3800, 235, 'MA', 'Ma''rib'),
(3801, 235, 'MR', 'Al Mahrah'),
(3802, 235, 'MW', 'Al Mahwit'),
(3803, 235, 'SD', 'Sa''dah'),
(3804, 235, 'SN', 'San''a'),
(3805, 235, 'SH', 'Shabwah'),
(3806, 235, 'TA', 'Ta''izz'),
(3807, 236, 'KOS', 'Kosovo'),
(3808, 236, 'MON', 'Montenegro'),
(3809, 236, 'SER', 'Serbia'),
(3810, 236, 'VOJ', 'Vojvodina'),
(3811, 237, 'BC', 'Bas-Congo'),
(3812, 237, 'BN', 'Bandundu'),
(3813, 237, 'EQ', 'Equateur'),
(3814, 237, 'KA', 'Katanga'),
(3815, 237, 'KE', 'Kasai-Oriental'),
(3816, 237, 'KN', 'Kinshasa'),
(3817, 237, 'KW', 'Kasai-Occidental'),
(3818, 237, 'MA', 'Maniema'),
(3819, 237, 'NK', 'Nord-Kivu'),
(3820, 237, 'OR', 'Orientale'),
(3821, 237, 'SK', 'Sud-Kivu'),
(3822, 238, 'CE', 'Central'),
(3823, 238, 'CB', 'Copperbelt'),
(3824, 238, 'EA', 'Eastern'),
(3825, 238, 'LP', 'Luapula'),
(3826, 238, 'LK', 'Lusaka'),
(3827, 238, 'NO', 'Northern'),
(3828, 238, 'NW', 'North-Western'),
(3829, 238, 'SO', 'Southern'),
(3830, 238, 'WE', 'Western'),
(3831, 239, 'BU', 'Bulawayo'),
(3832, 239, 'HA', 'Harare'),
(3833, 239, 'ML', 'Manicaland'),
(3834, 239, 'MC', 'Mashonaland Central'),
(3835, 239, 'ME', 'Mashonaland East'),
(3836, 239, 'MW', 'Mashonaland West'),
(3837, 239, 'MV', 'Masvingo'),
(3838, 239, 'MN', 'Matabeleland North'),
(3839, 239, 'MS', 'Matabeleland South'),
(3840, 239, 'MD', 'Midlands'),
(3841, 105, 'CB', 'Campobasso'),
(3842, 105, 'CI', 'Carbonia-Iglesias'),
(3843, 105, 'CE', 'Caserta'),
(3844, 105, 'CT', 'Catania'),
(3845, 105, 'CZ', 'Catanzaro'),
(3846, 105, 'CH', 'Chieti'),
(3847, 105, 'CO', 'Como'),
(3848, 105, 'CS', 'Cosenza'),
(3849, 105, 'CR', 'Cremona'),
(3850, 105, 'KR', 'Crotone'),
(3851, 105, 'CN', 'Cuneo'),
(3852, 105, 'EN', 'Enna'),
(3853, 105, 'FE', 'Ferrara'),
(3854, 105, 'FI', 'Firenze'),
(3855, 105, 'FG', 'Foggia'),
(3856, 105, 'FC', 'Forli-Cesena'),
(3857, 105, 'FR', 'Frosinone'),
(3858, 105, 'GE', 'Genova'),
(3859, 105, 'GO', 'Gorizia'),
(3860, 105, 'GR', 'Grosseto'),
(3861, 105, 'IM', 'Imperia'),
(3862, 105, 'IS', 'Isernia'),
(3863, 105, 'AQ', 'L&#39;Aquila'),
(3864, 105, 'SP', 'La Spezia'),
(3865, 105, 'LT', 'Latina'),
(3866, 105, 'LE', 'Lecce'),
(3867, 105, 'LC', 'Lecco'),
(3868, 105, 'LI', 'Livorno'),
(3869, 105, 'LO', 'Lodi'),
(3870, 105, 'LU', 'Lucca'),
(3871, 105, 'MC', 'Macerata'),
(3872, 105, 'MN', 'Mantova'),
(3873, 105, 'MS', 'Massa-Carrara'),
(3874, 105, 'MT', 'Matera'),
(3875, 105, 'VS', 'Medio Campidano'),
(3876, 105, 'ME', 'Messina'),
(3877, 105, 'MI', 'Milano'),
(3878, 105, 'MO', 'Modena'),
(3879, 105, 'NA', 'Napoli'),
(3880, 105, 'NO', 'Novara'),
(3881, 105, 'NU', 'Nuoro'),
(3882, 105, 'OG', 'Ogliastra'),
(3883, 105, 'OT', 'Olbia-Tempio'),
(3884, 105, 'OR', 'Oristano'),
(3885, 105, 'PD', 'Padova'),
(3886, 105, 'PA', 'Palermo'),
(3887, 105, 'PR', 'Parma'),
(3888, 105, 'PV', 'Pavia'),
(3889, 105, 'PG', 'Perugia'),
(3890, 105, 'PU', 'Pesaro e Urbino'),
(3891, 105, 'PE', 'Pescara'),
(3892, 105, 'PC', 'Piacenza'),
(3893, 105, 'PI', 'Pisa'),
(3894, 105, 'PT', 'Pistoia'),
(3895, 105, 'PN', 'Pordenone'),
(3896, 105, 'PZ', 'Potenza'),
(3897, 105, 'PO', 'Prato'),
(3898, 105, 'RG', 'Ragusa'),
(3899, 105, 'RA', 'Ravenna'),
(3900, 105, 'RC', 'Reggio Calabria'),
(3901, 105, 'RE', 'Reggio Emilia'),
(3902, 105, 'RI', 'Rieti'),
(3903, 105, 'RN', 'Rimini'),
(3904, 105, 'RM', 'Roma'),
(3905, 105, 'RO', 'Rovigo'),
(3906, 105, 'SA', 'Salerno'),
(3907, 105, 'SS', 'Sassari'),
(3908, 105, 'SV', 'Savona'),
(3909, 105, 'SI', 'Siena'),
(3910, 105, 'SR', 'Siracusa'),
(3911, 105, 'SO', 'Sondrio'),
(3912, 105, 'TA', 'Taranto'),
(3913, 105, 'TE', 'Teramo'),
(3914, 105, 'TR', 'Terni'),
(3915, 105, 'TO', 'Torino'),
(3916, 105, 'TP', 'Trapani'),
(3917, 105, 'TN', 'Trento'),
(3918, 105, 'TV', 'Treviso'),
(3919, 105, 'TS', 'Trieste'),
(3920, 105, 'UD', 'Udine'),
(3921, 105, 'VA', 'Varese'),
(3922, 105, 'VE', 'Venezia'),
(3923, 105, 'VB', 'Verbano-Cusio-Ossola'),
(3924, 105, 'VC', 'Vercelli'),
(3925, 105, 'VR', 'Verona'),
(3926, 105, 'VV', 'Vibo Valentia'),
(3927, 105, 'VI', 'Vicenza'),
(3928, 105, 'VT', 'Viterbo'),
(3929, 222, 'ANT', 'County Antrim'),
(3930, 222, 'ARM', 'County Armagh'),
(3931, 222, 'DOW', 'County Down'),
(3932, 222, 'FER', 'County Fermanagh'),
(3933, 222, 'LDY', 'County Londonderry'),
(3934, 222, 'TYR', 'County Tyrone'),
(3935, 222, 'CMA', 'Cumbria'),
(3936, 240, 'ALD', 'Alderney'),
(3937, 240, 'GUE', 'Guernsey'),
(3938, 240, 'HRM', 'Herm'),
(3939, 240, 'JER', 'Jersey'),
(3940, 240, 'SRK', 'Sark');

--
-- Constraints for dumped tables
--

--
-- Constraints for table `auth_users`
--
ALTER TABLE `auth_users`
  ADD CONSTRAINT `auth_users_ibfk_1` FOREIGN KEY (`org_id`) REFERENCES `organization` (`id`) ON DELETE CASCADE ON UPDATE CASCADE,
  ADD CONSTRAINT `auth_users_ibfk_2` FOREIGN KEY (`state_id`) REFERENCES `zone` (`zone_id`) ON DELETE CASCADE ON UPDATE CASCADE,
  ADD CONSTRAINT `auth_users_ibfk_3` FOREIGN KEY (`country_id`) REFERENCES `countries` (`country_id`) ON DELETE CASCADE ON UPDATE CASCADE;

--
-- Constraints for table `ref_invites`
--
ALTER TABLE `ref_invites`
  ADD CONSTRAINT `ref_invites_ibfk_1` FOREIGN KEY (`referrer_id`) REFERENCES `auth_users` (`id`) ON DELETE CASCADE ON UPDATE CASCADE,
  ADD CONSTRAINT `ref_invites_ibfk_2` FOREIGN KEY (`invitee_id`) REFERENCES `auth_users` (`id`) ON DELETE CASCADE ON UPDATE CASCADE;

--
-- Constraints for table `stages_levels`
--
ALTER TABLE `stages_levels`
  ADD CONSTRAINT `sl_q_fk_id` FOREIGN KEY (`question_id`) REFERENCES `questions` (`id`) ON DELETE CASCADE ON UPDATE CASCADE,
  ADD CONSTRAINT `sl_s_fk_id` FOREIGN KEY (`stage_id`) REFERENCES `stages` (`id`) ON DELETE CASCADE ON UPDATE CASCADE;

--
-- Constraints for table `team_member_request`
--
ALTER TABLE `team_member_request`
  ADD CONSTRAINT `team_member_request_ibfk_2` FOREIGN KEY (`user_id`) REFERENCES `auth_users` (`id`) ON DELETE CASCADE ON UPDATE CASCADE;

--
-- Constraints for table `team_requests`
--
ALTER TABLE `team_requests`
  ADD CONSTRAINT `team_requests_ibfk_1` FOREIGN KEY (`team_id`) REFERENCES `team` (`id`) ON DELETE CASCADE ON UPDATE CASCADE,
  ADD CONSTRAINT `team_requests_ibfk_2` FOREIGN KEY (`request_id`) REFERENCES `team_member_request` (`id`) ON DELETE CASCADE ON UPDATE CASCADE;

--
-- Constraints for table `user_quest`
--
ALTER TABLE `user_quest`
  ADD CONSTRAINT `cu_stage_fk_id` FOREIGN KEY (`current_stage`) REFERENCES `stages` (`id`) ON DELETE CASCADE ON UPDATE CASCADE,
  ADD CONSTRAINT `qu_stage_fk_id` FOREIGN KEY (`quest_stage`) REFERENCES `stages` (`id`) ON DELETE CASCADE ON UPDATE CASCADE,
  ADD CONSTRAINT `user_quest_ibfk_1` FOREIGN KEY (`user_id`) REFERENCES `auth_users` (`id`) ON DELETE CASCADE ON UPDATE CASCADE,
  ADD CONSTRAINT `user_quest_ibfk_2` FOREIGN KEY (`quest_level`) REFERENCES `questions` (`id`) ON DELETE CASCADE ON UPDATE CASCADE,
  ADD CONSTRAINT `user_quest_ibfk_3` FOREIGN KEY (`current_level`) REFERENCES `questions` (`id`) ON DELETE CASCADE ON UPDATE CASCADE;

--
-- Constraints for table `user_quest_history`
--
ALTER TABLE `user_quest_history`
  ADD CONSTRAINT `qu_fk_id` FOREIGN KEY (`quest_id`) REFERENCES `user_quest` (`id`) ON DELETE CASCADE ON UPDATE CASCADE,
  ADD CONSTRAINT `user_quest_history_ibfk_1` FOREIGN KEY (`item_id`) REFERENCES `user_quest_history_item` (`id`) ON DELETE CASCADE ON UPDATE CASCADE;

--
-- Constraints for table `user_quest_history_item`
--
ALTER TABLE `user_quest_history_item`
  ADD CONSTRAINT `uqh_q_fk_id` FOREIGN KEY (`question_id`) REFERENCES `questions` (`id`);

--
-- Constraints for table `zone`
--
ALTER TABLE `zone`
  ADD CONSTRAINT `zone_ibfk_1` FOREIGN KEY (`country_id`) REFERENCES `countries` (`country_id`) ON DELETE CASCADE ON UPDATE CASCADE;

/*!40101 SET CHARACTER_SET_CLIENT=@OLD_CHARACTER_SET_CLIENT */;
/*!40101 SET CHARACTER_SET_RESULTS=@OLD_CHARACTER_SET_RESULTS */;
/*!40101 SET COLLATION_CONNECTION=@OLD_COLLATION_CONNECTION */;
